JETY,JPY,建物,2JE201810ZZ0001-000,,配電盤,10/11/2018,大谷電機,78JE10021S0000,69153102,CLW　スクリーニング,定額法,15,2474400,1,1728372,13816,,,0,ECD,CLW,米島,900000030,白河工場　１Ｆ,1,1,1,1,CLW,ECD,パワーデバイス事業部,米島,900000030,白河工場　１Ｆ,正常,不可,
JETY,JPY,建物,2JE201908ZZ0001-000,,JETY白河工場　LAN構築工事,8/31/2019,東洋電信電話工業株式会社,79JE10000S0500,69450000,G)白河工場,定額法,15,2400000,1,1810400,13400,,,0,ECD,CLW,川添,900000040,白河工場　２Ｆ,1,1,1,1,CLW,ECD,パワーデバイス事業部,川添,900000040,白河工場　２Ｆ,正常,不可,
JETY,JPY,建物,2JE201909JT0001-000,,白河工場ネットワーク構築費用（WAN）,9/30/2019,太陽誘電株式会社,79JE10000S0100,69400001,G)人事総務課,定額法,15,688215,1,522988,3842,,,0,ECD,CLW,黒木,900000030,白河工場　１Ｆ,1,1,1,1,CLW,ECD,パワーデバイス事業部,黒木,900000030,白河工場　１Ｆ,正常,不可,
JETY,JPY,建物,2JE201911ZZ0001-000,,クリーンドライルーム,11/1/2019,株式会社西部技研,79JE10041-0000,69159101,CLW　共通,定額法,15,93000000,1,71710750,519250,,,0,ECD,CLW,米島,900000030,白河工場　１Ｆ,1,1,1,1,CLW,ECD,パワーデバイス事業部,米島,900000030,白河工場　１Ｆ,正常,不可,
JETY,JPY,建物,2JE201911ZZ0002-000,,白河工場ユーティリティー,11/1/2019,株式会社ナカジマエレテック,79JE10043-0000,69159101,CLW　共通,定額法,15,34700000,1,26756592,193742,,,0,ECD,CLW,米島,900000030,白河工場　１Ｆ,1,1,1,1,CLW,ECD,パワーデバイス事業部,米島,900000030,白河工場　１Ｆ,正常,不可,
JETY,JPY,建物,2JE201911ZZ0003-000,,電解液ブース,11/1/2019,岩瀬産業㈱,79JE10017S0000,69159101,CLW　共通,定額法,15,463547,1,357436,2588,,,0,ECD,CLW,米島,900000030,白河工場　１Ｆ,1,1,1,1,CLW,ECD,パワーデバイス事業部,米島,900000030,白河工場　１Ｆ,正常,不可,
JETY,JPY,建物,2JE202002ZZ0001-000,,淺田ミキサーブース　本体,2/28/2020,㈱ミスミ,79JE30000S0000,69135001,電極　スラリ,定額法,15,4039965,1,3182822,22557,,,0,ECD,CLW,池田,900000030,白河工場　１Ｆ,1,1,1,1,CDW,ECD,パワーデバイス事業部,池田,900000030,白河工場　１Ｆ,正常,不可,
JETY,JPY,建物,2JE202002ZZ0001-002,,淺田ミキサーブース　HEPAフィルター,4/30/2020,,79JE30000S0000,69135001,電極　スラリ,定額法,15,86018,1,68729,480,,,0,ECD,CLW,池田,900000030,白河工場　１Ｆ,1,1,1,1,CDW,ECD,パワーデバイス事業部,池田,900000030,白河工場　１Ｆ,正常,不可,
JETY,JPY,建物,2JE202009SV0001-000,,品管大部屋事務所アルミパーテーション,9/1/2020,サンヴァーテックス（拠点連動）,80JE10047S0000,69450000,G)白河工場,定額法,15,1120000,1,926147,6254,,,0,ECD,CLW,川添,900000040,白河工場　２Ｆ,1,1,1,1,CLW,ECD,パワーデバイス事業部,川添,900000040,白河工場　２Ｆ,正常,不可,
JETY,JPY,建物,2JE202009ZZ0001-000,,LED照明器具,9/1/2020,株式会社ナカジマエレテック,80JE10049S0000,69450000,G)白河工場,定額法,15,2490000,1,2059023,13902,,,0,ECD,CLW,川添,900000040,白河工場　２Ｆ,1,1,1,1,CLW,ECD,パワーデバイス事業部,川添,900000040,白河工場　２Ｆ,正常,不可,
JETY,JPY,建物,2JE202010SV0001-000,,品管恒温室 アルミパーテーション一式,10/6/2020,サンヴァーテックス（拠点連動）,80JE10047S0100,69450000,G)白河工場,定額法,15,2150000,1,1789875,12004,,,0,ECD,CLW,川添,900000030,白河工場　１Ｆ,1,1,1,1,CLW,ECD,パワーデバイス事業部,川添,900000030,白河工場　１Ｆ,正常,不可,
JETY,JPY,建物,2JE202012ZZ0001-000,,個別エアコン 一次側電源工事,12/11/2020,株式会社ナカジマエレテック,80JE10043S0200,69450000,G)白河工場,定額法,15,9500000,1,8014834,53042,,,0,ECD,CLW,川添,900000030,白河工場　１Ｆ,1,1,1,1,CLW,ECD,パワーデバイス事業部,川添,900000030,白河工場　１Ｆ,正常,不可,
JETY,JPY,建物,2JE202102ZZ0001-000,,アルミパーテーション(2期-2,スラリー工程エリア分のみ),2/28/2021,株式会社ナカジマエレテック,80JE10047-0200,69450000,G)白河工場,定額法,15,7400000,1,6325767,6201817,,,0,ECD,CLW,川添,900000030,白河工場　１Ｆ,1,1,1,1,CLW,ECD,パワーデバイス事業部,川添,900000030,白河工場　１Ｆ,正常,不可
JETY,JPY,建物,2JE202102ZZ0001-001,,ビルマルチ型エアコン、天井吊り型エアコン、天井カセット型エアコン、マルチキューブ型エアコン,2/28/2021,ダイキンエアテクノ株式会社　東北営業所,80JE10041-0000,69450000,G)白河工場,定額法,15,69223000,1,59174128,386495,,,0,ECD,CLW,川添,900000030,白河工場　１Ｆ,1,1,1,1,CLW,ECD,パワーデバイス事業部,川添,900000030,白河工場　１Ｆ,正常,不可,
JETY,JPY,建物,2JE202102ZZ0002-001,,ビルマルチ型エアコン、天井カセット型エアコン,2/28/2021,ダイキンエアテクノ株式会社　東北営業所,80JE10041-0000,69450000,G)白河工場,定額法,15,20677000,1,17675389,115446,,,0,ECD,CLW,川添,900000040,白河工場　２Ｆ,1,1,1,1,CLW,ECD,パワーデバイス事業部,川添,900000040,白河工場　２Ｆ,正常,不可,
JETY,JPY,建物,2JE202102ZZ0003-001,,ITM(インテリジェント タッチ マネージャー),2/28/2021,ダイキンエアテクノ株式会社　東北営業所,80JE10042S0000,69450000,G)白河工場,定額法,15,700000,1,598384,3909,,,0,ECD,CLW,川添,900000040,白河工場　２Ｆ,1,1,1,1,CLW,ECD,パワーデバイス事業部,川添,900000040,白河工場　２Ｆ,正常,不可,
JETY,JPY,建物,2JE202103ZZ0001-000,,アルミパーテーション(3期-1)、高速シートシャッター,3/31/2021,株式会社ナカジマエレテック,80JE10047-0200,69450000,G)白河工場,定額法,15,6150000,1,5291563,34337,,,0,ECD,CLW,川添,900000030,白河工場　１Ｆ,1,1,1,1,CLW,ECD,パワーデバイス事業部,川添,900000030,白河工場　１Ｆ,正常,不可,
JETY,JPY,建物,2JE202104ZZ0001-000,,2Fサーバー室エアコン,4/12/2021,ダイキンエアテクノ株式会社　東北営業所,80JE10033S0300,69450000,G)白河工場,定額法,15,918500,1,795422,5128,,,0,ECD,CLW,川添,900000040,白河工場　２Ｆ,1,1,1,1,CLW,ECD,パワーデバイス事業部,川添,900000040,白河工場　２Ｆ,正常,不可,
JETY,JPY,建物,2JE202104ZZ0002-000,,2Fサーバー前室エアコン,4/12/2021,ダイキンエアテクノ株式会社　東北営業所,80JE10033S0300,69450000,G)白河工場,定額法,15,1015500,1,879424,5670,,,0,ECD,CLW,川添,900000040,白河工場　２Ｆ,1,1,1,1,CLW,ECD,パワーデバイス事業部,川添,900000040,白河工場　２Ｆ,正常,不可,
JETY,JPY,建物,2JE202106ZZ0001-000,,白河第1工場1F入退出管理システム,6/30/2021,本社支払ダミー,80JE10044S0000,69400001,G)人事総務課,定額法,15,685000,1,600860,3824,,,0,ECD,CLW,,900000030,白河工場　１Ｆ,1,1,1,1,CLW,ECD,パワーデバイス事業部,川添,900000030,白河工場　１Ｆ,正常,不可,
JETY,JPY,建物,2JE202106ZZ0002-000,,第1工場2Fサーバー室　引戸扉,6/30/2021,株式会社みなとや,80JE10033S0400,69400001,G)人事総務課,定額法,15,330000,1,289465,1842,,,0,ECD,CLW,,900000030,白河工場　１Ｆ,1,1,1,1,CLW,ECD,パワーデバイス事業部,川添,900000030,白河工場　１Ｆ,正常,不可,
JETY,JPY,建物,2JE202108ZZ0001-000,,電気設備工事　電極工程ユーティリティ　2020年度,8/31/2021,株式会社ナカジマエレテック,80JE30024S0000,69135003,白河　電極　共通,定額法,15,4121000,1,3660822,23009,,,0,ECD,CLW,,900000030,白河工場　１Ｆ,1,1,1,1,CLW,ECD,パワーデバイス事業部,関口典男,900000030,白河工場　１Ｆ,正常,不可,
JETY,JPY,建物,2JE202108ZZ0002-000,,純水設備工事　電極工程ユーティリティ　2020年度,8/31/2021,株式会社ナカジマエレテック,80JE30024S0000,69135003,白河　電極　共通,定額法,15,786000,1,698230,4388,,,0,ECD,CLW,,900000030,白河工場　１Ｆ,1,1,1,1,CLW,ECD,パワーデバイス事業部,関口典男,900000030,白河工場　１Ｆ,正常,不可,
JETY,JPY,建物,2JE202108ZZ0003-000,,排気ダクト工事　電極工程ユーティリティ　2020年度,8/31/2021,株式会社ナカジマエレテック,80JE30024S0000,69135003,白河　電極　共通,定額法,15,993000,1,882115,5544,,,0,ECD,CLW,,900000030,白河工場　１Ｆ,1,1,1,1,CLW,ECD,パワーデバイス事業部,関口典男,900000030,白河工場　１Ｆ,正常,不可,
JETY,JPY,建物,2JE202108ZZ0004-000,,塗工機エリア アルミパーテーション,8/31/2021,株式会社みなとや,81JE10052-0000,69400001,G)人事総務課,定額法,15,7150000,1,6351584,39921,,,0,ECD,CLW,,900000030,白河工場　１Ｆ,1,1,1,1,CLW,ECD,パワーデバイス事業部,関口典男,900000030,白河工場　１Ｆ,正常,不可,
JETY,JPY,建物,2JE202109ZZ0001-000,,北側防火壁,9/30/2021,株式会社ナカジマエレテック,80JE10040-0200,69450000,G)白河工場,定額法,10,24500000,1,20620834,204167,,,0,ECD,CLW,,900000030,白河工場　１Ｆ,1,1,1,1,CLW,ECD,パワーデバイス事業部,川添,900000030,白河工場　１Ｆ,正常,不可,
JETY,JPY,建物,2JE202109ZZ0002-000,,南側柱No.12防火壁,9/30/2021,株式会社ナカジマエレテック,80JE10040-0200,69450000,G)白河工場,定額法,10,12250000,1,10310417,102084,,,0,ECD,CLW,,900000030,白河工場　１Ｆ,1,1,1,1,CLW,ECD,パワーデバイス事業部,川添,900000030,白河工場　１Ｆ,正常,不可,
JETY,JPY,建物,2JE202109ZZ0003-000,,南側柱No.6防火壁,9/30/2021,株式会社ナカジマエレテック,80JE10040-0200,69450000,G)白河工場,定額法,10,12250000,1,10310417,102084,,,0,ECD,CLW,,900000030,白河工場　１Ｆ,1,1,1,1,CLW,ECD,パワーデバイス事業部,川添,900000030,白河工場　１Ｆ,正常,不可,
JETY,JPY,建物,2JE202110ZZ0001-000,,PRIMIX#2　クリーンブース,10/31/2021,㈱ヒルマ機工,80JE30026S0000,69135003,白河　電極　共通,定額法,15,2672696,1,2404091,14922,,,0,ECD,CDW,関口典男,900000030,白河工場　１Ｆ,1,1,1,1,CLW,ECD,パワーデバイス事業部,関口典男,900000030,白河工場　１Ｆ,正常,不可,
JETY,JPY,建物,2JE202110ZZ0002-000,,スリッターTB2　クリーンブース,10/31/2021,㈱ミスミ,80JE30004S0000,69135003,白河　電極　共通,定額法,15,693041,1,623392,3870,,,0,ECD,CDW,関口典男,900000030,白河工場　１Ｆ,1,1,1,1,CLW,ECD,パワーデバイス事業部,関口典男,900000030,白河工場　１Ｆ,正常,不可,
JETY,JPY,建物,2JE202110ZZ0003-000,,有圧扇,10/31/2021,㈱ヒルマ機工,81JE30045S0100,69400001,G)人事総務課,定額法,15,1208000,1,1086596,6745,,,0,ECD,CDW,川添和久,900000030,白河工場　１Ｆ,1,1,1,1,CLW,ECD,パワーデバイス事業部,川添和久,900000030,白河工場　１Ｆ,正常,不可,
JETY,JPY,建物,2JE202110ZZ0004-000,,コンプレッサー用排気ダクト,10/31/2021,㈱ヒルマ機工,81JE30045S0100,69400001,G)人事総務課,定額法,15,205000,1,184398,1144,,,0,ECD,CDW,川添和久,900000030,白河工場　１Ｆ,1,1,1,1,CLW,ECD,パワーデバイス事業部,川添和久,900000030,白河工場　１Ｆ,正常,不可,
JETY,JPY,建物,2JE202110ZZ0005-000,,搬出入口 扉,10/31/2021,㈱ヒルマ機工,81JE30045S0100,69400001,G)人事総務課,定額法,15,567000,1,510017,3166,,,0,ECD,CDW,川添和久,900000030,白河工場　１Ｆ,1,1,1,1,CLW,ECD,パワーデバイス事業部,川添和久,900000030,白河工場　１Ｆ,正常,不可,
JETY,JPY,建物,2JE202203ZZ0001-000,,JETYエリア1F LED照明化工事,3/31/2022,株式会社ナカジマエレテック,81JE10050S0000,69400001,G)人事総務課,定額法,15,3490000,1,3236685,19486,,,0,ECD,CLW,,900000030,白河工場　１Ｆ,1,1,1,1,CLW,ECD,パワーデバイス事業部,川添,900000030,白河工場　１Ｆ,正常,不可,
JETY,JPY,建物,2JE202203ZZ0002-000,,守衛室エアコン換気設備工事,3/31/2022,ダイキンエアテクノ株式会社　東北営業所,81JE30044S0000,69400001,G)人事総務課,定額法,15,300000,1,278225,1675,,,0,ECD,CLW,,900000030,白河工場　１Ｆ,1,1,1,1,CLW,ECD,パワーデバイス事業部,川添,900000030,白河工場　１Ｆ,正常,不可,
JETY,JPY,建物,2JE202203ZZ0003-000,,白河第1工場入退出管理システム2期工事,3/31/2022,ALSOK福島株式会社　,81JE10051S0000,69400001,G)人事総務課,定額法,15,2200000,1,2040317,12284,,,0,ECD,CLW,,900000030,白河工場　１Ｆ,1,1,1,1,CLW,ECD,パワーデバイス事業部,川添,900000030,白河工場　１Ｆ,正常,不可,
JETY,JPY,建物,2JE202303ZZ0001-000,,ポリマー廃液配管,3/31/2023,株式会社ナカジマエレテック,82JE10004-0000,69400001,G)人事総務課,定額法,15,7200000,1,7159800,40200,,,0,ECD,XEH,,900000030,白河工場　１Ｆ,,,1,1,XEH,ECD,パワーデバイス事業部,関口典男,900000030,白河工場　１Ｆ,正常,不可,
JETY,JPY,機械装置,5JE199910ZZ0113-001,6-99-113,熱風乾燥機 PHH-101,10/1/1999,本社支払ダミー,,69310001,品質管理課,旧定率法,4,390000,1,1,0,,,0,ECD,CLW,,900000030,白河工場　１Ｆ,1,1,1,1,CLW,ECD,パワーデバイス事業部,長嶋,900000030,白河工場　１Ｆ,正常,不可,
JETY,JPY,機械装置,5JE199910ZZ0114-002,6-99-114,真空乾燥2号機用真空ﾎﾟﾝﾌﾟ,9/30/2009,本社支払ダミー,29-038,69152101,CLW　組立,250%定率法,4,310000,1,1,0,,,0,ECD,CLW,,900000030,白河工場　１Ｆ,1,4,1,4,CLW,ECD,パワーデバイス事業部,米島,900000030,白河工場　１Ｆ,正常,不可,
JETY,JPY,機械装置,5JE200306ZZ0004-001,6-03-004,真空ﾎﾟﾝﾌﾟ,6/1/2003,本社支払ダミー,,69152101,CLW　組立,旧定率法,4,311000,1,1,0,,,0,ECD,CLW,米島,900000030,白河工場　１Ｆ,1,4,1,4,CLW,ECD,パワーデバイス事業部,米島,900000030,白河工場　１Ｆ,正常,不可,
JETY,JPY,機械装置,5JE200512ZZ0019-001,6-05-019,PASｷｬﾊﾟｼﾀ　恒温槽,12/1/2005,本社支払ダミー,,69310001,品質管理課,旧定率法,8,643000,1,1,0,,,0,ECD,CLW,倉田　仁,900000030,白河工場　１Ｆ,1,1,1,1,CLW,ECD,パワーデバイス事業部,倉田　仁,900000030,白河工場　１Ｆ,正常,不可,
JETY,JPY,機械装置,5JE200711ZZ0026-001,6-07-026,ﾘﾁｳﾑ切断装置　SECM-00008,10/17/2007,本社支払ダミー,26-031,69158101,製造部　設備技術,250%定率法,8,738043,1,1,0,6/6/2022,,0,ECD,CLW,,900000030,白河工場　１Ｆ,1,4,1,4,CLW,ECD,パワーデバイス事業部,米島,900000030,白河工場　１Ｆ,正常,不可,
JETY,JPY,機械装置,5JE201005ZZ0002-001,6-10-002,真空ﾎﾟﾝﾌﾟ　真空乾燥4号機,5/31/2010,本社支払ダミー,29-108,69152101,CLW　組立,250%定率法,4,310000,1,1,0,,,0,ECD,CLW,,900000030,白河工場　１Ｆ,1,1,1,1,CLW,ECD,パワーデバイス事業部,米島,900000030,白河工場　１Ｆ,正常,不可,
JETY,JPY,機械装置,5JE201009ZZ0013-001,6-10-013,真空乾燥機　(14号機),8/31/2010,マサモト㈱,30-031,69152101,CLW　組立,250%定率法,4,3950000,1,1,0,,,0,ECD,CLW,,900000030,白河工場　１Ｆ,1,4,1,4,CLW,ECD,パワーデバイス事業部,米島,900000030,白河工場　１Ｆ,正常,不可,
JETY,JPY,機械装置,5JE201009ZZ0013-002,6-10-013,ｼﾘﾝﾀﾞLIC　電極乾燥部品　(14号機),5/31/2011,本社支払ダミー,31-020,69152101,CLW　組立,250%定率法,4,327959,1,1,0,,,0,ECD,CLW,,900000030,白河工場　１Ｆ,1,4,1,4,CLW,ECD,パワーデバイス事業部,米島,900000030,白河工場　１Ｆ,正常,不可,
JETY,JPY,機械装置,5JE201009ZZ0013-003,6-10-013,真空乾燥機14号 改造,12/4/2013,マサモト㈱,33-082-1,69152101,CLW　組立,200%定率法,4,178000,1,1,0,,,0,ECD,CLW,,900000030,白河工場　１Ｆ,1,4,1,4,CLW,ECD,パワーデバイス事業部,米島,900000030,白河工場　１Ｆ,正常,不可,
JETY,JPY,機械装置,5JE201103ZZ0017-001,6-10-017,ｼﾘﾝﾀﾞLIC 充放電試装置　(日鉄）,3/1/2011,本社支払ダミー,30-038,69158101,製造部　設備技術,250%定率法,4,9134125,1,1,0,,,0,ECD,CLW,,900000030,白河工場　１Ｆ,1,1,1,1,CLW,ECD,パワーデバイス事業部,米島,900000030,白河工場　１Ｆ,正常,不可,
JETY,JPY,機械装置,5JE201103ZZ0017-002,,充放電試験機1号機　基盤ｸﾘｯﾌﾟ交換,4/19/2016,本社支払ダミー,35-133,69158101,製造部　設備技術,200%定率法,8,531000,1,1,0,,3/31/2021,126008,ECD,CLW,,900000030,白河工場　１Ｆ,1,1,1,1,CLW,ECD,パワーデバイス事業部,米島,900000030,白河工場　１Ｆ,正常,不可,
JETY,JPY,機械装置,5JE201106ZZ0002-003,,ｴﾈﾙｷﾞｰ分散型蛍光X線分析装置,6/22/2011,本社支払ダミー,31-009,69310001,品質管理課,250%定率法,4,5103300,1,1,0,,,0,ECD,CLW,,900000030,白河工場　１Ｆ,1,1,1,1,CLW,ECD,パワーデバイス事業部,長嶋,900000030,白河工場　１Ｆ,正常,不可,
JETY,JPY,機械装置,5JE201106ZZ0002-004,,ｴﾈﾙｷﾞｰ分散型蛍光X線分析装置 EDX-GP用分析,3/3/2014,本社支払ダミー,33-090,69310001,品質管理課,200%定率法,4,332000,1,1,0,,,0,ECD,CLW,,900000030,白河工場　１Ｆ,1,1,1,1,CLW,ECD,パワーデバイス事業部,長嶋,900000030,白河工場　１Ｆ,正常,不可,
JETY,JPY,機械装置,5JE201107ZZ0005-001,6-11-005,真空乾燥機 φ8･10用,7/27/2011,マサモト㈱,31-042,69135003,白河　電極　共通,250%定率法,4,3949500,1,1,0,,,0,ECD,CLW,,900000030,白河工場　１Ｆ,1,1,1,1,CLW,ECD,パワーデバイス事業部,米島,900000030,白河工場　１Ｆ,正常,不可,
JETY,JPY,機械装置,5JE201107ZZ0005-002,6-11-005,真空乾燥機17号 φ8･10用 改造,12/4/2013,マサモト㈱,33-082,69135003,白河　電極　共通,200%定率法,4,178000,1,1,0,,,0,ECD,CLW,,900000030,白河工場　１Ｆ,1,1,1,1,CLW,ECD,パワーデバイス事業部,米島,900000030,白河工場　１Ｆ,正常,不可,
JETY,JPY,機械装置,5JE201109ZZ0008-001,6-11-008,恒温恒湿器　PR-2KP型,9/1/2011,本社支払ダミー,31-011,69310001,品質管理課,250%定率法,4,1989000,1,1,0,,,0,ECD,CLW,,900000030,白河工場　１Ｆ,1,1,1,1,CLW,ECD,パワーデバイス事業部,米島,900000030,白河工場　１Ｆ,正常,不可,
JETY,JPY,機械装置,5JE201210ZZ0003-001,6-12-003,ｼﾘﾝﾀﾞ型PAS･LIC 真空乾燥機27号　,10/30/2012,マサモト㈱,32-020,69135003,白河　電極　共通,200%定率法,4,3900000,1,1,0,,,0,ECD,CLW,,900000030,白河工場　１Ｆ,1,1,1,1,CLW,ECD,パワーデバイス事業部,米島,900000030,白河工場　１Ｆ,正常,不可,
JETY,JPY,機械装置,5JE201210ZZ0003-002,6-12-003,ｼﾘﾝﾀﾞ型PAS･LIC 真空乾燥機27号 改造,12/4/2013,マサモト㈱,33-082-3,69135003,白河　電極　共通,200%定率法,4,178000,1,1,0,,,0,ECD,CLW,,900000030,白河工場　１Ｆ,1,1,1,1,CLW,ECD,パワーデバイス事業部,米島,900000030,白河工場　１Ｆ,正常,不可,
JETY,JPY,機械装置,5JE201210ZZ0004-001,6-12-004,ｼﾘﾝﾀﾞ型PAS･LIC 真空乾燥機26号,10/30/2012,マサモト㈱,32-020,69135003,白河　電極　共通,200%定率法,4,3900000,1,1,0,,,0,ECD,CLW,,900000030,白河工場　１Ｆ,1,1,1,1,CLW,ECD,パワーデバイス事業部,米島,900000030,白河工場　１Ｆ,正常,不可,
JETY,JPY,機械装置,5JE201210ZZ0004-002,6-12-004,ｼﾘﾝﾀﾞ型PAS･LIC 真空乾燥機26号 改造,12/4/2013,マサモト㈱,33-082-4,69135003,白河　電極　共通,200%定率法,4,178000,1,1,0,,,0,ECD,CLW,,900000030,白河工場　１Ｆ,1,1,1,1,CLW,ECD,パワーデバイス事業部,米島,900000030,白河工場　１Ｆ,正常,不可,
JETY,JPY,機械装置,5JE201312ZZ0017-001,6-13-017,円筒型LIC巻回機JTY-700型ﾘﾁｳﾑ供給部,12/1/2013,本社支払ダミー,33-058,69151105,CLW　捲回,200%定率法,4,3500000,1,1,0,,,0,ECD,CLW,,900000030,白河工場　１Ｆ,1,1,1,1,CLW,ECD,パワーデバイス事業部,米島,900000030,白河工場　１Ｆ,正常,不可,
JETY,JPY,機械装置,5JE201403ZZ0018-003,6-13-018,ｼﾘﾝﾀﾞ型PAS φ10含浸付組立機用真空ﾎﾟﾝﾌﾟ,3/3/2014,岩瀬産業㈱,31-165-2,69152101,CLW　組立,200%定率法,4,511000,1,1,0,,,0,ECD,CLW,米島,900000030,白河工場　１Ｆ,1,4,1,4,CLW,ECD,パワーデバイス事業部,米島,900000030,白河工場　１Ｆ,正常,不可,
JETY,JPY,機械装置,5JE201403ZZ0020-001,6-13-020,OCV装置,3/14/2014,コムベックス㈱,33-070,69153102,CLW　スクリーニング,200%定率法,4,19720600,1,1,0,,,0,ECD,CLW,,900000030,白河工場　１Ｆ,1,1,1,1,CLW,ECD,パワーデバイス事業部,米島,900000030,白河工場　１Ｆ,正常,不可,
JETY,JPY,機械装置,5JE201403ZZ0020-002,,ｽｸﾘｰﾆﾝｸﾞ工程管理ｿﾌﾄ,9/8/2017,株式会社ソフトエナジーコントロールズ,77JE10010S0000,69153102,CLW　スクリーニング,200%定率法,8,850000,1,1,0,,3/31/2021,306299,ECD,CLW,米島,900000030,白河工場　１Ｆ,1,1,1,1,CLW,ECD,パワーデバイス事業部,米島,900000030,白河工場　１Ｆ,正常,不可,
JETY,JPY,機械装置,5JE201403ZZ0021-001,6-13-021,いすゞ製恒温槽一式･棚板　(5号機・6号機）,3/28/2014,マサモト㈱,33-070-2,69153101,CLW　スリーブ掛け,200%定率法,4,3726000,1,1,0,,,0,ECD,CLW,,900000030,白河工場　１Ｆ,1,1,1,1,CLW,ECD,パワーデバイス事業部,米島,900000030,白河工場　１Ｆ,正常,不可,
JETY,JPY,機械装置,5JE201410ZZ0016-001,6-14-016,恒温恒湿槽PR-2KP №14024231,10/1/2014,本社支払ダミー,34-035-1,69310001,品質管理課,200%定率法,5,950000,1,1,0,,,0,ECD,CLW,,900000030,白河工場　１Ｆ,1,1,1,1,CLW,ECD,パワーデバイス事業部,米島,900000030,白河工場　１Ｆ,正常,不可,
JETY,JPY,機械装置,5JE201410ZZ0017-001,6-14-017,恒温恒湿槽PR-2KP №14024239,10/1/2014,本社支払ダミー,34-035-2,69310001,品質管理課,200%定率法,5,950000,1,1,0,,,0,ECD,CLW,,900000030,白河工場　１Ｆ,1,1,1,1,CLW,ECD,パワーデバイス事業部,米島,900000030,白河工場　１Ｆ,正常,不可,
JETY,JPY,機械装置,5JE201410ZZ0018-001,6-14-018,恒温恒湿槽PR-2KP №14024248,10/1/2014,本社支払ダミー,34-035-3,69310001,品質管理課,200%定率法,5,950000,1,1,0,,,0,ECD,CLW,,900000030,白河工場　１Ｆ,1,1,1,1,CLW,ECD,パワーデバイス事業部,米島,900000030,白河工場　１Ｆ,正常,不可,
JETY,JPY,機械装置,5JE201410ZZ0019-001,6-14-019,恒温恒湿槽PR-2KP №14024247,10/1/2014,本社支払ダミー,34-035-4,69310001,品質管理課,200%定率法,5,950000,1,1,0,,,0,ECD,CLW,,900000030,白河工場　１Ｆ,1,1,1,1,CLW,ECD,パワーデバイス事業部,米島,900000030,白河工場　１Ｆ,正常,不可,
JETY,JPY,機械装置,5JE201410ZZ0020-001,6-14-020,恒温恒湿槽PR-2KP №14024249,10/1/2014,本社支払ダミー,34-035-5,69310001,品質管理課,200%定率法,5,950000,1,1,0,,,0,ECD,CLW,,900000030,白河工場　１Ｆ,1,1,1,1,CLW,ECD,パワーデバイス事業部,米島,900000030,白河工場　１Ｆ,正常,不可,
JETY,JPY,機械装置,5JE201503ZZ0022-001,6-14-022,CLW自動組立1号機,3/10/2015,本社支払ダミー,34-044,69152101,CLW　組立,200%定率法,8,6288525,1,1,0,,3/31/2021,646829,ECD,CLW,米島,900000030,白河工場　１Ｆ,1,4,1,4,CLW,ECD,パワーデバイス事業部,米島,900000030,白河工場　１Ｆ,正常,不可,
JETY,JPY,機械装置,5JE201503ZZ0022-002,6-14-022,CLW自動組立1号機　手動封口機,3/10/2015,マサモト㈱,33-077,69152101,CLW　組立,200%定率法,8,1449111,1,1,0,,3/31/2021,149053,ECD,CLW,米島,900000030,白河工場　１Ｆ,1,4,1,4,CLW,ECD,パワーデバイス事業部,米島,900000030,白河工場　１Ｆ,正常,不可,
JETY,JPY,機械装置,5JE201503ZZ0022-003,,CLW自動組立1号機 　ﾀﾌﾞｶｯﾄ整列装置,3/19/2018,岩瀬産業㈱,76JE10003S0001,69152101,CLW　組立,200%定率法,8,2990090,1,1,0,,3/31/2021,1235164,ECD,CLW,米島,900000030,白河工場　１Ｆ,1,4,1,4,CLW,ECD,パワーデバイス事業部,米島,900000030,白河工場　１Ｆ,正常,不可,
JETY,JPY,機械装置,5JE201507ZZ0001-001,6-15-001,高温恒湿試験器　PR-3J　№15008551,7/22/2015,本社支払ダミー,35-022-1,69310001,品質管理課,200%定率法,8,2577500,1,1,0,,3/31/2021,441308,ECD,CLW,,900000030,白河工場　１Ｆ,1,1,1,1,CLW,ECD,パワーデバイス事業部,米島,900000030,白河工場　１Ｆ,正常,不可,
JETY,JPY,機械装置,5JE201507ZZ0002-001,6-15-002,高温恒湿試験器　PR-3J　№150085558,7/22/2015,本社支払ダミー,35-022-2,69310001,品質管理課,200%定率法,8,2577500,1,1,0,,3/31/2021,441308,ECD,CLW,,900000030,白河工場　１Ｆ,1,1,1,1,CLW,ECD,パワーデバイス事業部,米島,900000030,白河工場　１Ｆ,正常,不可,
JETY,JPY,機械装置,5JE201507ZZ0003-001,6-15-003,いすゞ製恒温槽　VRL-2880-2T　(7号機),7/10/2015,マサモト㈱,35-001,69153101,CLW　スリーブ掛け,200%定率法,8,1990000,1,1,0,,3/31/2021,340718,ECD,CLW,,900000030,白河工場　１Ｆ,1,1,1,1,CLW,ECD,パワーデバイス事業部,米島,900000030,白河工場　１Ｆ,正常,不可,
JETY,JPY,機械装置,5JE201507ZZ0004-001,6-15-004,真空乾燥機30号機　DP63PZ,7/31/2015,マサモト㈱,34-063,69135003,白河　電極　共通,200%定率法,8,3420000,1,1,0,,3/31/2021,585557,ECD,CLW,,900000030,白河工場　１Ｆ,1,1,1,1,CLW,ECD,パワーデバイス事業部,米島,900000030,白河工場　１Ｆ,正常,不可,
JETY,JPY,機械装置,5JE201507ZZ0005-001,6-15-005,真空乾燥機31号機　DP63PZ,7/31/2015,マサモト㈱,34-064,69135003,白河　電極　共通,200%定率法,8,3360000,1,1,0,,3/31/2021,575284,ECD,CLW,,900000030,白河工場　１Ｆ,1,4,1,4,CLW,ECD,パワーデバイス事業部,米島,900000030,白河工場　１Ｆ,正常,不可,
JETY,JPY,機械装置,5JE201507ZZ0006-001,6-15-006,ｼﾘﾝﾀﾞ型LICｽﾘｰﾌﾞ装着機　供給ｽﾀｯｶｰ　№1,7/31/2015,本社支払ダミー,34-066-1,69153101,CLW　スリーブ掛け,200%定率法,8,950000,1,1,0,,3/31/2021,162655,ECD,CLW,米島,900000030,白河工場　１Ｆ,1,1,1,1,CLW,ECD,パワーデバイス事業部,米島,900000030,白河工場　１Ｆ,正常,不可,
JETY,JPY,機械装置,5JE201507ZZ0007-001,6-15-007,ｼﾘﾝﾀﾞ型LICｽﾘｰﾌﾞ装着機　供給ｽﾀｯｶｰ　№2,7/31/2015,本社支払ダミー,34-066-2,69153101,CLW　スリーブ掛け,200%定率法,8,950000,1,1,0,,3/31/2021,162655,ECD,CLW,,900000030,白河工場　１Ｆ,1,1,1,1,CLW,ECD,パワーデバイス事業部,米島,900000030,白河工場　１Ｆ,正常,不可,
JETY,JPY,機械装置,5JE201507ZZ0008-001,6-15-008,ｼﾘﾝﾀﾞ型LICｽﾘｰﾌﾞ装着機　供給ｽﾀｯｶｰ　№3,7/31/2015,本社支払ダミー,34-066-3,69153101,CLW　スリーブ掛け,200%定率法,8,950000,1,1,0,,3/31/2021,162655,ECD,CLW,米島,900000030,白河工場　１Ｆ,1,1,1,1,CLW,ECD,パワーデバイス事業部,米島,900000030,白河工場　１Ｆ,正常,不可,
JETY,JPY,機械装置,5JE201507ZZ0009-001,6-15-009,冷熱衝撃試験機TSA-73ES-A　№155000125,7/29/2015,本社支払ダミー,35-021,69310001,品質管理課,200%定率法,8,5826000,1,1,0,,3/31/2021,1023077,ECD,CLW,,900000030,白河工場　１Ｆ,1,1,1,1,CLW,ECD,パワーデバイス事業部,米島,900000030,白河工場　１Ｆ,正常,不可,
JETY,JPY,機械装置,5JE201507ZZ0021-001,6-14-021,円筒LIC巻回機 JTY-700型,3/10/2015,本社支払ダミー,33-087,69151105,CLW　捲回,200%定率法,8,48807500,1,1,0,,3/31/2021,5020261,ECD,CLW,,900000030,白河工場　１Ｆ,1,1,1,1,CLW,ECD,パワーデバイス事業部,米島,900000030,白河工場　１Ｆ,正常,不可,
JETY,JPY,機械装置,5JE201507ZZ0021-002,6-14-021,LIC用新巻回機剥離装置,7/31/2015,本社支払ダミー,34-067,69151105,CLW　捲回,200%定率法,8,9600000,1,1,0,,3/31/2021,1643667,ECD,CLW,,900000030,白河工場　１Ｆ,1,1,1,1,CLW,ECD,パワーデバイス事業部,米島,900000030,白河工場　１Ｆ,正常,不可,
JETY,JPY,機械装置,5JE201507ZZ0021-003,6-14-021,円筒LIC巻回機　ﾚｰｻﾞ照射安全ｶﾊﾞｰ,7/10/2015,本社支払ダミー,35-048,69151105,CLW　捲回,200%定率法,8,850000,1,1,0,,3/31/2021,160460,ECD,CLW,,900000030,白河工場　１Ｆ,1,1,1,1,CLW,ECD,パワーデバイス事業部,米島,900000030,白河工場　１Ｆ,正常,不可,
JETY,JPY,機械装置,5JE201507ZZ0021-004,,JTY-700　予備ｶｼﾒﾕﾆｯﾄ,7/2/2018,ジェーシーシーエンジニアリング株式会社,76JE18007SUP00,69151105,CLW　捲回,200%定率法,8,2897000,1,1,0,,3/31/2021,1324019,ECD,CLW,遠藤,900000030,白河工場　１Ｆ,1,1,1,1,CLW,ECD,パワーデバイス事業部,遠藤,900000030,白河工場　１Ｆ,正常,不可,
JETY,JPY,機械装置,5JE201508ZZ0010-001,6-15-010,中小型ﾘﾁｳﾑｲｵﾝｷｬﾊﾟｼﾀ用ｽﾘｰﾌﾞ掛機,8/21/2015,本社支払ダミー,34-051-1,69153101,CLW　スリーブ掛け,200%定率法,8,47550000,1,1,0,,3/31/2021,8558791,ECD,CLW,,900000030,白河工場　１Ｆ,1,1,1,1,CLW,ECD,パワーデバイス事業部,米島,900000030,白河工場　１Ｆ,正常,不可,
JETY,JPY,機械装置,5JE201508ZZ0010-002,6-15-010,ｽﾘｰﾌﾞ装着機　良否判定条件ｿﾌﾄ,11/16/2015,本社支払ダミー,35-078,69153101,CLW　スリーブ掛け,200%定率法,8,200000,1,1,0,,3/31/2021,37756,ECD,CLW,,900000030,白河工場　１Ｆ,1,1,1,1,CLW,ECD,パワーデバイス事業部,米島,900000030,白河工場　１Ｆ,正常,不可,
JETY,JPY,機械装置,5JE201508ZZ0010-003,,JCCE製　自動スリーブ装置機　98個入りトレイ対応改造,12/3/2018,ジェーシーシーエンジニアリング株式会社,77JE150001-UP00,69153101,CLW　スリーブ掛け,200%定率法,8,680620,1,1,0,,3/31/2021,350945,ECD,CLW,米島,900000030,白河工場　１Ｆ,1,1,1,1,CLW,ECD,パワーデバイス事業部,米島,900000030,白河工場　１Ｆ,正常,不可,
JETY,JPY,機械装置,5JE201509ZZ0011-001,6-15-011,ｼﾘﾝﾀﾞ型LICｽﾘｰﾌﾞ装着機　供給ｽﾀｯｶｰ　№4,8/21/2015,本社支払ダミー,34-051-2,69153101,CLW　スリーブ掛け,200%定率法,8,950000,1,1,0,,3/31/2021,170996,ECD,CLW,,900000030,白河工場　１Ｆ,1,1,1,1,CLW,ECD,パワーデバイス事業部,米島,900000030,白河工場　１Ｆ,正常,不可,
JETY,JPY,機械装置,5JE201510ZZ0012-001,6-15-012,A5ﾗｲﾝ用集塵機　PIE-120NM,10/30/2015,アマノ㈱,34-076-1,69135001,電極　スラリ,200%定率法,8,4042600,1,1,0,,3/31/2021,745398,ECD,CLW,池田,900000030,白河工場　１Ｆ,1,1,1,1,CLW,ECD,パワーデバイス事業部,池田,900000030,白河工場　１Ｆ,正常,不可,
JETY,JPY,機械装置,5JE201512ZZ0015-001,6-15-016,防爆ﾍﾞﾝﾄ付き恒温器SPHH-202,12/11/2015,本社支払ダミー,35-087,69135001,電極　スラリ,200%定率法,8,865000,1,1,0,,3/31/2021,167088,ECD,CLW,,900000030,白河工場　１Ｆ,1,1,1,1,CLW,ECD,パワーデバイス事業部,関口,900000030,白河工場　１Ｆ,正常,不可,
JETY,JPY,機械装置,5JE201603ZZ0017-001,6-15-017,LICﾌｫｰﾐﾝｸﾞｶｯﾄ機　EFC-100型,3/1/2016,本社支払ダミー,35-065,69153105,CLW　包装,200%定率法,8,4820000,1,1,0,,3/31/2021,994542,ECD,CLW,,900000030,白河工場　１Ｆ,1,1,1,1,CLW,ECD,パワーデバイス事業部,米島,900000030,白河工場　１Ｆ,正常,不可,
JETY,JPY,機械装置,5JE201604ZZ0001-001,,充放電装置1･2号機,4/1/2016,本社支払ダミー,35-082,69153102,CLW　スクリーニング,200%定率法,8,8300000,1,1,0,,3/31/2021,1969629,ECD,CLW,,900000030,白河工場　１Ｆ,1,1,1,1,CLW,ECD,パワーデバイス事業部,米島,900000030,白河工場　１Ｆ,正常,不可,
JETY,JPY,機械装置,5JE201604ZZ0002-001,,恒温槽VTRL-2880-2T　(8号機),4/1/2016,マサモト㈱,35-105,69153101,CLW　スリーブ掛け,200%定率法,8,2038000,1,1,0,,3/31/2021,483627,ECD,CLW,,900000030,白河工場　１Ｆ,1,1,1,1,CLW,ECD,パワーデバイス事業部,米島,900000030,白河工場　１Ｆ,正常,不可,
JETY,JPY,機械装置,5JE201604ZZ0003-001,,恒温槽VTRL-2880-2T　(9号機),4/18/2016,マサモト㈱,35-115,69153102,CLW　スクリーニング,200%定率法,8,2038000,1,1,0,,3/31/2021,483627,ECD,CLW,,900000030,白河工場　１Ｆ,1,1,1,1,CLW,ECD,パワーデバイス事業部,米島,900000030,白河工場　１Ｆ,正常,不可,
JETY,JPY,機械装置,5JE201607ZZ0004-001,,ｽﾗﾘｰ移送ﾓｰﾉﾎﾟﾝﾌﾟ2NBL10F,7/29/2016,本社支払ダミー,36-018,69135001,電極　スラリ,200%定率法,8,2280360,1,1,0,,3/31/2021,586235,ECD,CLW,,900000030,白河工場　１Ｆ,1,1,1,1,CLW,ECD,パワーデバイス事業部,米島,900000030,白河工場　１Ｆ,正常,不可,
JETY,JPY,機械装置,5JE201608ZZ0005-001,,ﾘﾁｳﾑｲｵﾝｷｬﾊﾟｼﾀ用　真空乾燥機DP610PZ　32号機,8/31/2016,マサモト㈱,35-079,69152101,CLW　組立,200%定率法,8,3270000,1,1,0,,3/31/2021,862207,ECD,CLW,米島,900000030,白河工場　１Ｆ,1,1,1,1,CLW,ECD,パワーデバイス事業部,米島,900000030,白河工場　１Ｆ,正常,不可,
JETY,JPY,機械装置,5JE201608ZZ0006-001,,ﾘﾁｳﾑｲｵﾝｷｬﾊﾟｼﾀ用　真空乾燥機DP610　33号機,8/31/2016,マサモト㈱,35-080,69152101,CLW　組立,200%定率法,8,3270000,1,1,0,,3/31/2021,862207,ECD,CLW,米島,900000030,白河工場　１Ｆ,1,1,1,1,CLW,ECD,パワーデバイス事業部,米島,900000030,白河工場　１Ｆ,正常,不可,
JETY,JPY,機械装置,5JE201608ZZ0007-001,,FMC製 ﾚｰｻﾞｰﾏｰｶｰ装置　手動挿入ﾀｲﾌﾟ,8/5/2016,㈱フューメック,36-025,69153101,CLW　スリーブ掛け,200%定率法,8,4720000,1,1,0,,3/31/2021,1244531,ECD,CLW,米島,900000030,白河工場　１Ｆ,1,1,1,1,CLW,ECD,パワーデバイス事業部,米島,900000030,白河工場　１Ｆ,正常,不可,
JETY,JPY,機械装置,5JE201609ZZ0008-001,,恒温恒湿器PR-3J　12号機,8/30/2016,本社支払ダミー,36-027,69310001,品質管理課,200%定率法,8,2490000,1,1,0,,3/31/2021,672956,ECD,CLW,,900000030,白河工場　１Ｆ,1,1,1,1,CLW,ECD,パワーデバイス事業部,米島,900000030,白河工場　１Ｆ,正常,不可,
JETY,JPY,機械装置,5JE201609ZZ0009-001,,恒温恒湿器PR-3J　13号機,8/30/2016,本社支払ダミー,36-027,69310001,品質管理課,200%定率法,8,2490000,1,1,0,,3/31/2021,672956,ECD,CLW,,900000030,白河工場　１Ｆ,1,1,1,1,CLW,ECD,パワーデバイス事業部,米島,900000030,白河工場　１Ｆ,正常,不可,
JETY,JPY,機械装置,5JE201609ZZ0011-001,,CLW自動組立2号機,9/30/2016,社内生産,35-060,69152101,CLW　組立,200%定率法,8,10772876,1,1,0,,3/31/2021,2911517,ECD,CLW,,900000030,白河工場　１Ｆ,1,1,1,1,CLW,ECD,パワーデバイス事業部,米島,900000030,白河工場　１Ｆ,正常,不可,
JETY,JPY,機械装置,5JE201610ZZ0012-001,,恒温槽VTRL-2880-2T　(10号機),10/31/2016,マサモト㈱,36-047,69153102,CLW　スクリーニング,200%定率法,8,2082700,1,1,0,,3/31/2021,576607,ECD,CLW,,900000030,白河工場　１Ｆ,1,1,1,1,CLW,ECD,パワーデバイス事業部,米島,900000030,白河工場　１Ｆ,正常,不可,
JETY,JPY,機械装置,5JE201610ZZ0013-001,,恒温槽VTRL-2880-2T　(11号機),10/31/2016,マサモト㈱,36-047,69153102,CLW　スクリーニング,200%定率法,8,2082700,1,1,0,,3/31/2021,576607,ECD,CLW,,900000030,白河工場　１Ｆ,1,4,1,4,CLW,ECD,パワーデバイス事業部,米島,900000030,白河工場　１Ｆ,正常,不可,
JETY,JPY,機械装置,5JE201611ZZ0014-001,,SEC製　半自動充放電検査装置5V3A×200ch3号･4号機,11/25/2016,本社支払ダミー,76JE10004S001,69153102,CLW　スクリーニング,200%定率法,8,13720000,1,1,0,,3/31/2021,3888897,ECD,CLW,,900000030,白河工場　１Ｆ,1,1,1,1,CLW,ECD,パワーデバイス事業部,米島,900000030,白河工場　１Ｆ,正常,不可,
JETY,JPY,機械装置,5JE201702ZZ0015-001,6-16-015-001,FMC製 自動スリーブ装着機,2/24/2017,㈱フューメック,76JE100004S0001,69153101,CLW　スリーブ掛け,200%定率法,8,30000000,1,1,0,,3/31/2021,9096680,ECD,CLW,米島,900000030,白河工場　１Ｆ,1,1,1,1,CLW,ECD,パワーデバイス事業部,米島,900000030,白河工場　１Ｆ,正常,不可,
JETY,JPY,機械装置,5JE201702ZZ0015-002,,FMC製自動ｽﾘｰﾌﾞ装着機,11/17/2017,㈱フューメック,77JE38002SUP00,69153101,CLW　スリーブ掛け,200%定率法,8,2500000,1,1,0,,3/31/2021,944824,ECD,CLW,米島,900000030,白河工場　１Ｆ,1,1,1,1,CLW,ECD,パワーデバイス事業部,米島,900000030,白河工場　１Ｆ,正常,不可,
JETY,JPY,機械装置,5JE201702ZZ0015-003,,FMC製　自動スリーブ装着機　98個入りトレイ対応改造,12/3/2018,㈱フューメック,77JE150001-UP00,69153101,CLW　スリーブ掛け,200%定率法,8,1030000,1,1,0,,3/31/2021,531094,ECD,CLW,米島,900000030,白河工場　１Ｆ,1,1,1,1,CLW,ECD,パワーデバイス事業部,米島,900000030,白河工場　１Ｆ,正常,不可,
JETY,JPY,機械装置,5JE201702ZZ0015-004,,トレイ詰替え機　98個入りトレイ対応改造,12/3/2018,㈱フューメック,77JE150001-UP00,69153101,CLW　スリーブ掛け,200%定率法,8,1880000,1,1,0,,3/31/2021,969375,ECD,CLW,米島,900000030,白河工場　１Ｆ,1,1,1,1,CLW,ECD,パワーデバイス事業部,米島,900000030,白河工場　１Ｆ,正常,不可,
JETY,JPY,機械装置,5JE201702ZZ0016-001,6-16-016-001,CLW自動組立3号機,2/28/2017,本社支払ダミー,76JE15030SUP00,69152101,CLW　組立,200%定率法,8,12328866,1,1,0,,3/31/2021,3738392,ECD,CLW,小井土,900000030,白河工場　１Ｆ,1,1,1,1,CLW,ECD,パワーデバイス事業部,小井土,900000030,白河工場　１Ｆ,正常,不可,
JETY,JPY,機械装置,5JE201705ZZ0001-001,,CPW専用スラリー供給タンク,5/17/2017,大木理工機材㈱,76JE18011SUP00,69135001,電極　スラリ,200%定率法,8,571000,1,1,0,,3/31/2021,185687,ECD,CLW,池田　征司,900000030,白河工場　１Ｆ,1,1,1,1,CLW,ECD,パワーデバイス事業部,池田　征司,900000030,白河工場　１Ｆ,正常,不可,
JETY,JPY,機械装置,5JE201708ZZ0001-001,,ﾐﾂﾔ製ｽﾀｯｶｰ M0001,8/3/2017,マサモト㈱,77JE10009S0000,69153101,CLW　スリーブ掛け,200%定率法,8,250000,1,1,0,,3/31/2021,87891,ECD,CLW,米島,900000030,白河工場　１Ｆ,1,1,1,1,CLW,ECD,パワーデバイス事業部,米島,900000030,白河工場　１Ｆ,正常,不可,
JETY,JPY,機械装置,5JE201708ZZ0002-001,,ﾐﾂﾔ製ｽﾀｯｶｰ M0002,8/3/2017,マサモト㈱,77JE10009S0000,69153101,CLW　スリーブ掛け,200%定率法,8,250000,1,1,0,,3/31/2021,87891,ECD,CLW,米島,900000030,白河工場　１Ｆ,1,1,1,1,CLW,ECD,パワーデバイス事業部,米島,900000030,白河工場　１Ｆ,正常,不可,
JETY,JPY,機械装置,5JE201708ZZ0003-001,,ﾐﾂﾔ製ｽﾀｯｶｰ M0003,8/3/2017,マサモト㈱,77JE10009S0000,69153101,CLW　スリーブ掛け,200%定率法,8,250000,1,1,0,,3/31/2021,87891,ECD,CLW,米島,900000030,白河工場　１Ｆ,1,1,1,1,CLW,ECD,パワーデバイス事業部,米島,900000030,白河工場　１Ｆ,正常,不可,
JETY,JPY,機械装置,5JE201708ZZ0004-001,,ﾐﾂﾔ製ｽﾀｯｶｰ M0004,8/3/2017,マサモト㈱,77JE10009S0000,69153101,CLW　スリーブ掛け,200%定率法,8,250000,1,1,0,,3/31/2021,87891,ECD,CLW,米島,900000030,白河工場　１Ｆ,1,1,1,1,CLW,ECD,パワーデバイス事業部,米島,900000030,白河工場　１Ｆ,正常,不可,
JETY,JPY,機械装置,5JE201708ZZ0005-001,,集塵機 №12684,8/21/2017,岩瀬産業㈱,77JE10012S0000,69151105,CLW　捲回,200%定率法,8,469000,1,1,0,,3/31/2021,164883,ECD,CLW,米島,900000030,白河工場　１Ｆ,1,1,1,1,CLW,ECD,パワーデバイス事業部,米島,900000030,白河工場　１Ｆ,正常,不可,
JETY,JPY,機械装置,5JE201708ZZ0006-001,,集塵機 №12685,8/21/2017,岩瀬産業㈱,77JE10012S0000,69151105,CLW　捲回,200%定率法,8,469000,1,1,0,,3/31/2021,164883,ECD,CLW,米島,900000030,白河工場　１Ｆ,1,1,1,1,CLW,ECD,パワーデバイス事業部,米島,900000030,白河工場　１Ｆ,正常,不可,
JETY,JPY,機械装置,5JE201708ZZ0007-001,,集塵機 №12686,8/21/2017,岩瀬産業㈱,77JE10012S0000,69151105,CLW　捲回,200%定率法,8,469000,1,1,0,,3/31/2021,164883,ECD,CLW,米島,900000030,白河工場　１Ｆ,1,1,1,1,CLW,ECD,パワーデバイス事業部,米島,900000030,白河工場　１Ｆ,正常,不可,
JETY,JPY,機械装置,5JE201709ZZ0001-001,,ﾄﾚｲ詰替機　検査ﾄﾚｲ･白ﾄﾚｲ,9/18/2017,㈱フューメック,77JE10003S0000,69153101,CLW　スリーブ掛け,200%定率法,8,4987500,1,1,0,,3/31/2021,1797254,ECD,CLW,米島,900000030,白河工場　１Ｆ,1,1,1,1,CLW,ECD,パワーデバイス事業部,米島,900000030,白河工場　１Ｆ,正常,不可,
JETY,JPY,機械装置,5JE201709ZZ0001-002,,Φ10、φ12.5、φ18　98個入り検査トレイ　切替,5/24/2019,㈱フューメック,79JE10005S0000,69153101,CLW　スリーブ掛け,200%定率法,8,490700,1,1,0,,3/31/2021,283685,ECD,CLW,米島,900000030,白河工場　１Ｆ,1,1,1,1,CLW,ECD,パワーデバイス事業部,米島,900000030,白河工場　１Ｆ,正常,不可,
JETY,JPY,機械装置,5JE201709ZZ0002-001,,真空乾燥機34号機,9/27/2017,マサモト㈱,77JE10011S0000,69152101,CLW　組立,200%定率法,8,3270000,1,1,0,,3/31/2021,1178349,ECD,CLW,米島,900000030,白河工場　１Ｆ,1,1,1,1,CLW,ECD,パワーデバイス事業部,米島,900000030,白河工場　１Ｆ,正常,不可,
JETY,JPY,機械装置,5JE201709ZZ0003-001,,真空乾燥機35号機,9/27/2017,マサモト㈱,77JE10011S0000,69152101,CLW　組立,200%定率法,8,3270000,1,1,0,,3/31/2021,1178349,ECD,CLW,米島,900000030,白河工場　１Ｆ,1,1,1,1,CLW,ECD,パワーデバイス事業部,米島,900000030,白河工場　１Ｆ,正常,不可,
JETY,JPY,機械装置,5JE201710ZZ0001-001,,CLW40F用自動検査装置,10/3/2017,株式会社光輪精工,76JE10001S0000,69310001,品質管理課,200%定率法,8,3102068,1,1,0,,3/31/2021,1145099,ECD,CLW,松山,900000030,白河工場　１Ｆ,1,1,1,1,CLW,ECD,パワーデバイス事業部,松山,900000030,白河工場　１Ｆ,正常,不可,
JETY,JPY,機械装置,5JE201710ZZ0001-002,,LIC自動電圧測定設備,8/31/2019,株式会社光輪精工,79JE18000SUP00,69310001,品質管理課,200%定率法,8,382218,1,1,0,,3/31/2021,238886,ECD,CLW,倉田,900000030,白河工場　１Ｆ,1,1,1,1,CLW,ECD,パワーデバイス事業部,倉田,900000030,白河工場　１Ｆ,正常,不可,
JETY,JPY,機械装置,5JE201710ZZ0002-001,,出荷用ﾄﾚｲ自動詰替装置,10/24/2017,㈱フューメック,77JE10001S0000,69153105,CLW　包装,200%定率法,8,3990000,1,1,0,,3/31/2021,1472871,ECD,CLW,米島,900000030,白河工場　１Ｆ,1,1,1,1,CLW,ECD,パワーデバイス事業部,米島,900000030,白河工場　１Ｆ,正常,不可,
JETY,JPY,機械装置,5JE201711ZZ0001-001,,捲回機　JTY-710型,11/27/2017,ジェーシーシーエンジニアリング株式会社,76JE10004-0100,69151105,CLW　捲回,200%定率法,8,65430000,1,1,0,,3/31/2021,24727940,ECD,CLW,米島,900000030,白河工場　１Ｆ,1,1,1,1,CLW,ECD,パワーデバイス事業部,米島,900000030,白河工場　１Ｆ,正常,不可,
JETY,JPY,機械装置,5JE201711ZZ0001-002,,JTY-710型　Φ10×30L用　切替部品,12/3/2018,ジェーシーシーエンジニアリング株式会社,78JE10002S0000,69151105,CLW　捲回,200%定率法,8,3385750,1,1,0,,3/31/2021,1745777,ECD,CLW,米島,900000030,白河工場　１Ｆ,1,1,1,1,CLW,ECD,パワーデバイス事業部,米島,900000030,白河工場　１Ｆ,正常,不可,
JETY,JPY,機械装置,5JE201711ZZ0001-003,,JTY-710型改造,12/3/2018,ジェーシーシーエンジニアリング株式会社,78JE10020S0000,69151105,CLW　捲回,200%定率法,8,495000,1,1,0,,3/31/2021,255234,ECD,CLW,米島,900000030,白河工場　１Ｆ,1,1,1,1,CLW,ECD,パワーデバイス事業部,米島,900000030,白河工場　１Ｆ,正常,不可,
JETY,JPY,機械装置,5JE201801ZZ0001-001,,ﾐﾂﾔ製ｽﾀｯｶｰ M0005,1/30/2018,マサモト㈱,77JE10009S0100,69153101,CLW　スリーブ掛け,200%定率法,8,240000,1,1,0,,3/31/2021,94922,ECD,CLW,米島,900000030,白河工場　１Ｆ,1,1,1,1,CLW,ECD,パワーデバイス事業部,米島,900000030,白河工場　１Ｆ,正常,不可,
JETY,JPY,機械装置,5JE201801ZZ0002-001,,ﾐﾂﾔ製ｽﾀｯｶｰ M0006,1/30/2018,マサモト㈱,77JE10009S0100,69153101,CLW　スリーブ掛け,200%定率法,8,240000,1,1,0,,3/31/2021,94922,ECD,CLW,米島,900000030,白河工場　１Ｆ,1,1,1,1,CLW,ECD,パワーデバイス事業部,米島,900000030,白河工場　１Ｆ,正常,不可,
JETY,JPY,機械装置,5JE201801ZZ0003-001,,ﾐﾂﾔ製ｽﾀｯｶｰ M0007,1/30/2018,マサモト㈱,77JE18002SUP00,69153101,CLW　スリーブ掛け,200%定率法,8,240000,1,1,0,,3/31/2021,94922,ECD,CLW,米島,900000030,白河工場　１Ｆ,1,1,1,1,CLW,ECD,パワーデバイス事業部,米島,900000030,白河工場　１Ｆ,正常,不可,
JETY,JPY,機械装置,5JE201801ZZ0004-001,,ﾐﾂﾔ製ｽﾀｯｶｰ M0008,1/30/2018,マサモト㈱,77JE18002SUP00,69153101,CLW　スリーブ掛け,200%定率法,8,240000,1,1,0,,3/31/2021,94922,ECD,CLW,米島,900000030,白河工場　１Ｆ,1,1,1,1,CLW,ECD,パワーデバイス事業部,米島,900000030,白河工場　１Ｆ,正常,不可,
JETY,JPY,機械装置,5JE201801ZZ0005-001,,ﾐﾂﾔ製ｽﾀｯｶｰ M0009,1/30/2018,マサモト㈱,77JE18002SUP00,69153101,CLW　スリーブ掛け,200%定率法,8,240000,1,1,0,,3/31/2021,94922,ECD,CLW,米島,900000030,白河工場　１Ｆ,1,1,1,1,CLW,ECD,パワーデバイス事業部,米島,900000030,白河工場　１Ｆ,正常,不可,
JETY,JPY,機械装置,5JE201801ZZ0006-001,,ﾐﾂﾔ製ｽﾀｯｶｰ M0010,1/30/2018,マサモト㈱,77JE18002SUP00,69153101,CLW　スリーブ掛け,200%定率法,8,240000,1,1,0,,3/31/2021,94922,ECD,CLW,米島,900000030,白河工場　１Ｆ,1,1,1,1,CLW,ECD,パワーデバイス事業部,米島,900000030,白河工場　１Ｆ,正常,不可,
JETY,JPY,機械装置,5JE201801ZZ0007-001,,JTY-700型用 集塵機 VF-2S　HEPAﾌｨﾙﾀｰ,1/19/2018,岩瀬産業㈱,77JE10007S0100,69151105,CLW　捲回,200%定率法,8,469000,1,1,0,,3/31/2021,185493,ECD,CLW,米島,900000030,白河工場　１Ｆ,1,1,1,1,CLW,ECD,パワーデバイス事業部,米島,900000030,白河工場　１Ｆ,正常,不可,
JETY,JPY,機械装置,5JE201802ZZ0001-001,,CLW自動組立2号機　ﾀﾌﾞｶｯﾄ整列装置,2/5/2018,岩瀬産業㈱,77JE10004S0000,69152101,CLW　組立,200%定率法,8,2568713,1,1,0,,3/31/2021,1038523,ECD,CLW,米島,900000030,白河工場　１Ｆ,1,1,1,1,CLW,ECD,パワーデバイス事業部,米島,900000030,白河工場　１Ｆ,正常,不可,
JETY,JPY,機械装置,5JE201802ZZ0002-001,,CLW自動組立4号機,2/13/2018,岩瀬産業㈱,77JE10005-0000,69152101,CLW　組立,200%定率法,8,12952567,1,1,0,,3/31/2021,5236682,ECD,CLW,米島,900000030,白河工場　１Ｆ,1,4,1,4,CLW,ECD,パワーデバイス事業部,米島,900000030,白河工場　１Ｆ,正常,不可,
JETY,JPY,機械装置,5JE201802ZZ0003-001,,CLW自動組立4号機　φ12.5用切替部品,2/9/2018,株式会社光輪精工,77JE10005S0200,69152101,CLW　組立,200%定率法,8,617510,1,1,0,,3/31/2021,249657,ECD,CLW,米島,900000030,白河工場　１Ｆ,1,4,1,4,CLW,ECD,パワーデバイス事業部,米島,900000030,白河工場　１Ｆ,正常,不可,
JETY,JPY,機械装置,5JE201802ZZ0004-001,,日立塗工機ﾀﾞｲﾍｯﾄﾞ3号,2/28/2018,太陽誘電㈱,77JE10015S0100,69135002,電極　塗工,200%定率法,8,3000000,1,1,0,,3/31/2021,1212890,ECD,CLW,池田,900000030,白河工場　１Ｆ,1,1,1,1,CLW,ECD,パワーデバイス事業部,池田,900000030,白河工場　１Ｆ,正常,不可,
JETY,JPY,機械装置,5JE201804ZZ0001-001,,スラリー供給ポンプ　2号機,4/20/2018,兵神装備株式会社,77JE10016S0000,69135001,電極　スラリ,200%定率法,8,2200000,1,1,0,,3/31/2021,928124,ECD,CLW,池田,900000030,白河工場　１Ｆ,1,1,1,1,CLW,ECD,パワーデバイス事業部,池田,900000030,白河工場　１Ｆ,正常,不可,
JETY,JPY,機械装置,5JE201805ZZ0001-001,,CLW ﾏﾙﾁﾘｰﾄﾞｶｯﾄ装置,5/1/2018,㈱ヒルマ機工,77JE10000S0000,69159101,CLW　共通,200%定率法,8,3444655,1,1,0,,3/31/2021,1493581,ECD,CLW,米島,900000030,白河工場　１Ｆ,1,1,1,1,CLW,ECD,パワーデバイス事業部,米島,900000030,白河工場　１Ｆ,正常,不可,
JETY,JPY,機械装置,5JE201806ZZ0001-001,,結束機,6/1/2018,㈱新村,78JE10011S0000,69153105,CLW　包装,200%定率法,8,987000,1,1,0,,3/31/2021,439523,ECD,CLW,米島,900000030,白河工場　１Ｆ,1,1,1,1,CLW,ECD,パワーデバイス事業部,米島,900000030,白河工場　１Ｆ,正常,不可,
JETY,JPY,機械装置,5JE201806ZZ0002-001,,ｼｭﾘﾝｸ機,6/26/2018,協和電機㈱,78JE10010S0000,69153105,CLW　包装,200%定率法,8,1700000,1,1,0,,3/31/2021,757031,ECD,CLW,米島,900000030,白河工場　１Ｆ,1,1,1,1,CLW,ECD,パワーデバイス事業部,米島,900000030,白河工場　１Ｆ,正常,不可,
JETY,JPY,機械装置,5JE201811ZZ0001-000,,スラリー供給タンク,11/26/2018,大木理工機材㈱,78JE10024S0000,69135003,白河　電極　共通,200%定率法,8,551000,1,1,0,,3/31/2021,277652,ECD,CLW,池田,900000030,白河工場　１Ｆ,1,1,1,1,CLW,ECD,パワーデバイス事業部,池田,900000030,白河工場　１Ｆ,正常,不可,
JETY,JPY,機械装置,5JE201811ZZ0002-000,,スラリー供給タンク,11/26/2018,大木理工機材㈱,78JE10024S0000,69135003,白河　電極　共通,200%定率法,8,551000,1,1,0,,3/31/2021,277652,ECD,CLW,池田,900000030,白河工場　１Ｆ,1,1,1,1,CLW,ECD,パワーデバイス事業部,池田,900000030,白河工場　１Ｆ,正常,不可,
JETY,JPY,機械装置,5JE201811ZZ0003-000,,スラリー供給タンク,11/26/2018,大木理工機材㈱,78JE10024S0000,69135003,白河　電極　共通,200%定率法,8,551000,1,1,0,,3/31/2021,277652,ECD,CLW,池田,900000030,白河工場　１Ｆ,1,1,1,1,CLW,ECD,パワーデバイス事業部,池田,900000030,白河工場　１Ｆ,正常,不可,
JETY,JPY,機械装置,5JE201812ZZ0001-000,,JTY-720型,12/3/2018,ジェーシーシーエンジニアリング株式会社,77JE150001-UP00,69151105,CLW　捲回,200%定率法,8,64659944,1,1,0,,3/31/2021,33340283,ECD,CLW,米島,900000030,白河工場　１Ｆ,1,1,1,1,CLW,ECD,パワーデバイス事業部,米島,900000030,白河工場　１Ｆ,正常,不可,
JETY,JPY,機械装置,5JE201812ZZ0002-000,,集塵機5号機,12/3/2018,岩瀬産業㈱,77JE150001-UP00,69151105,CLW　捲回,200%定率法,8,462500,1,1,0,,3/31/2021,238477,ECD,CLW,米島,900000030,白河工場　１Ｆ,1,1,1,1,CLW,ECD,パワーデバイス事業部,米島,900000030,白河工場　１Ｆ,正常,不可,
JETY,JPY,機械装置,5JE201812ZZ0003-000,,集塵機6号機,12/3/2018,岩瀬産業㈱,77JE150001-UP00,69151105,CLW　捲回,200%定率法,8,462500,1,1,0,,3/31/2021,238477,ECD,CLW,米島,900000030,白河工場　１Ｆ,1,1,1,1,CLW,ECD,パワーデバイス事業部,米島,900000030,白河工場　１Ｆ,正常,不可,
JETY,JPY,機械装置,5JE201812ZZ0004-000,,自動検査装置,12/3/2018,株式会社ソフトエナジーコントロールズ,77JE150001-UP00,69153102,CLW　スクリーニング,200%定率法,8,137733800,1,1,0,,3/31/2021,71018990,ECD,CLW,米島,900000030,白河工場　１Ｆ,1,1,1,1,CLW,ECD,パワーデバイス事業部,米島,900000030,白河工場　１Ｆ,正常,不可,
JETY,JPY,機械装置,5JE201812ZZ0004-001,,機電製恒温槽7号機,12/3/2018,第一実業株式会社,78JE15000-UP00,69153102,CLW　スクリーニング,200%定率法,8,6490000,1,1,0,,3/31/2021,3346406,ECD,CLW,米島,900000030,白河工場　１Ｆ,1,1,1,1,CLW,ECD,パワーデバイス事業部,米島,900000030,白河工場　１Ｆ,正常,不可,
JETY,JPY,機械装置,5JE201812ZZ0005-000,,CLW自動組立5号機,12/3/2018,岩瀬産業㈱,77JE150001-UP00,69152101,CLW　組立,200%定率法,8,14081579,1,1,0,,3/31/2021,7260815,ECD,CLW,米島,900000030,白河工場　１Ｆ,1,1,1,1,CLW,ECD,パワーデバイス事業部,米島,900000030,白河工場　１Ｆ,正常,不可,
JETY,JPY,機械装置,5JE201812ZZ0005-002,,機電製恒温槽8号機,12/3/2018,第一実業株式会社,78JE15000-UP00,69153102,CLW　スクリーニング,200%定率法,8,6490000,1,1,0,,3/31/2021,3346406,ECD,CLW,米島,900000030,白河工場　１Ｆ,1,1,1,1,CLW,ECD,パワーデバイス事業部,米島,900000030,白河工場　１Ｆ,正常,不可,
JETY,JPY,機械装置,5JE201908ZZ0001-000,,ORION　ヒートレスドライヤー,8/29/2019,マサモト㈱,79JE10039S0000,69159101,CLW　共通,200%定率法,8,1692000,1,1,0,,3/31/2021,1057499,ECD,CLW,米島,900000030,白河工場　１Ｆ,1,1,1,1,CLW,ECD,パワーデバイス事業部,米島,900000030,白河工場　１Ｆ,正常,不可,
JETY,JPY,機械装置,5JE201908ZZ0002-000,,三井精機　レシーバータンク　1000L,8/29/2019,マサモト㈱,79JE10044S0000,69159101,CLW　共通,200%定率法,8,578000,1,1,0,,3/31/2021,361250,ECD,CLW,米島,900000030,白河工場　１Ｆ,1,1,1,1,CLW,ECD,パワーデバイス事業部,米島,900000030,白河工場　１Ｆ,正常,不可,
JETY,JPY,機械装置,5JE201909ZZ0001-000,,コンプレッサー,9/30/2019,マサモト㈱,79JE10040S0000,69159101,CLW　共通,200%定率法,8,7980000,1,1,0,,3/31/2021,5112187,ECD,CLW,米島,900000030,白河工場　１Ｆ,1,1,1,1,CLW,ECD,パワーデバイス事業部,米島,900000030,白河工場　１Ｆ,正常,不可,
JETY,JPY,機械装置,5JE201910ZZ0001-000,,自動洗浄機2号機,10/1/2019,㈱フューメック,79JE10009-0000,69159101,CLW　共通,200%定率法,8,25000000,1,1,0,,3/31/2021,16406249,ECD,CLW,米島,900000030,白河工場　１Ｆ,1,1,1,1,CLW,ECD,パワーデバイス事業部,米島,900000030,白河工場　１Ｆ,正常,不可,
JETY,JPY,機械装置,5JE201911ZZ0001-000,,CLW素子選別ケース挿入装置,11/29/2019,株式会社光輪精工,78JE10005S0000,69151105,CLW　捲回,200%定率法,8,9435031,1,1,0,,3/31/2021,6339161,ECD,CLW,米島,900000030,白河工場　１Ｆ,1,4,1,4,CLW,ECD,パワーデバイス事業部,米島,900000030,白河工場　１Ｆ,正常,不可,
JETY,JPY,機械装置,5JE201911ZZ0002-000,,JTY-720型 Φ10×30L用 切替部品,11/1/2019,ジェーシーシーエンジニアリング株式会社,79JE10035S0000,69151105,CLW　捲回,200%定率法,8,2024150,1,1,0,,3/31/2021,1359976,ECD,CLW,米島,900000030,白河工場　１Ｆ,1,1,1,1,CLW,ECD,パワーデバイス事業部,米島,900000030,白河工場　１Ｆ,正常,不可,
JETY,JPY,機械装置,5JE201911ZZ0003-000,,第二種圧力容器,11/1/2019,マサモト㈱,79JE10043-0000,69159101,CLW　共通,200%定率法,8,750000,1,1,0,,3/31/2021,503906,ECD,CLW,米島,900000030,白河工場　１Ｆ,1,1,1,1,CLW,ECD,パワーデバイス事業部,米島,900000030,白河工場　１Ｆ,正常,不可,
JETY,JPY,機械装置,5JE202002ZZ0001-000,,粘度計,2/28/2020,大木理工機材㈱,79JE10018S0000,69135003,白河　電極　共通,200%定率法,8,880000,1,1,0,,3/31/2021,632500,ECD,CLW,池田,900000030,白河工場　１Ｆ,1,1,1,1,CLW,ECD,パワーデバイス事業部,池田,900000030,白河工場　１Ｆ,正常,不可,
JETY,JPY,機械装置,5JE202006ZZ0001-000,,兵神モーノポンプ,6/30/2020,兵神装備株式会社,78JE10025S0000,69135001,電極　スラリ,200%定率法,8,2061560,1,1,0,,3/31/2021,1632068,ECD,CLW,池田,900000030,白河工場　１Ｆ,1,1,1,1,CLW,ECD,パワーデバイス事業部,池田,900000030,白河工場　１Ｆ,正常,不可,
JETY,JPY,機械装置,5JE202006ZZ0002-000,,淺田ミキサー,6/30/2020,浅田鉄工株式会社,78JE10023-0000,69135001,電極　スラリ,200%定率法,8,29900000,1,1,0,,3/31/2021,23670833,ECD,CLW,池田,900000030,白河工場　１Ｆ,1,1,1,1,CLW,ECD,パワーデバイス事業部,池田,900000030,白河工場　１Ｆ,正常,不可,
JETY,JPY,機械装置,5JE202006ZZ0003-000,,EDLC塗工機　本体,6/30/2020,株式会社川上鉄工所,78JE15001-UP00,69135001,電極　スラリ,200%定率法,8,75000000,1,1,0,,3/31/2021,59374999,ECD,CLW,池田,900000030,白河工場　１Ｆ,1,1,1,1,CLW,ECD,パワーデバイス事業部,池田,900000030,白河工場　１Ｆ,正常,不可,
JETY,JPY,機械装置,5JE202006ZZ0003-001,,EDLC機用三菱ダイヘッド,6/30/2020,セプラ株式会社,78JE15002-UP00,69135001,電極　スラリ,200%定率法,8,5100000,1,1,0,,3/31/2021,4037499,ECD,CLW,池田,900000030,白河工場　１Ｆ,1,1,1,1,CLW,ECD,パワーデバイス事業部,池田,900000030,白河工場　１Ｆ,正常,不可,
JETY,JPY,機械装置,5JE202006ZZ0003-002,,EDLC塗工機　チェーンリフター,6/30/2020,株式会社川上鉄工所,79JE10033S0000,69135001,電極　スラリ,200%定率法,8,650000,1,1,0,,3/31/2021,514583,ECD,CLW,池田,900000030,白河工場　１Ｆ,1,1,1,1,CLW,ECD,パワーデバイス事業部,池田,900000030,白河工場　１Ｆ,正常,不可,
JETY,JPY,機械装置,5JE202006ZZ0003-003,,EDLC塗工機　安全扉,6/30/2020,株式会社川上鉄工所,79JE10033S0100,69135001,電極　スラリ,200%定率法,8,1112000,1,1,0,,3/31/2021,880333,ECD,CLW,池田,900000030,白河工場　１Ｆ,1,1,1,1,CLW,ECD,パワーデバイス事業部,池田,900000030,白河工場　１Ｆ,正常,不可,
JETY,JPY,機械装置,5JE202006ZZ0003-004,,EDLC塗工機用グラビアロール,6/30/2020,サンヴァーテックス（拠点連動）,80JE10014S0000,69135001,電極　スラリ,200%定率法,8,265000,1,1,0,,3/31/2021,209791,ECD,CLW,池田,900000030,白河工場　１Ｆ,1,1,1,1,CLW,ECD,パワーデバイス事業部,池田,900000030,白河工場　１Ｆ,正常,不可,
JETY,JPY,機械装置,5JE202006ZZ0003-005,,EDLC用塗工機　ニップロール調整ダイヤル化,8/31/2021,株式会社川上鉄工所,80JE30004S0100,69135002,電極　塗工,200%定率法,8,680000,1,1,0,,3/31/2022,679999,ECD,CLW,,900000030,白河工場　１Ｆ,1,1,1,1,CLW,ECD,パワーデバイス事業部,池田,900000030,白河工場　１Ｆ,正常,不可,
JETY,JPY,機械装置,5JE202006ZZ0004-000,,集塵機　HEPAフィルター,6/30/2020,アマノ株式会社高崎支店,79JE10045S0000,69135001,電極　スラリ,200%定率法,8,1380000,1,1,0,,3/31/2021,1092499,ECD,CLW,池田,900000030,白河工場　１Ｆ,1,1,1,1,CLW,ECD,パワーデバイス事業部,池田,900000030,白河工場　１Ｆ,正常,不可,
JETY,JPY,機械装置,5JE202006ZZ0005-000,,ロール搬送用リフター,6/30/2020,株式会社高橋機工,79JE10033S0300,69135001,電極　スラリ,200%定率法,8,726000,1,1,0,,3/31/2021,574749,ECD,CLW,池田,900000030,白河工場　１Ｆ,1,1,1,1,CLW,ECD,パワーデバイス事業部,池田,900000030,白河工場　１Ｆ,正常,不可,
JETY,JPY,機械装置,5JE202009JT0001-000,,LIT#2塗工機 （東レエンジニアリング製塗工２号機）,9/30/2020,太陽誘電株式会社,78JE10028-0000,69135003,白河　電極　共通,200%定率法,8,192889546,1,1,0,,3/31/2021,164759820,ECD,CLW,関口,900000030,白河工場　１Ｆ,1,1,1,1,CLW,ECD,パワーデバイス事業部,関口,900000030,白河工場　１Ｆ,正常,不可,
JETY,JPY,機械装置,5JE202009JT0001-001,,LIT#2　インライン厚さ計,7/31/2021,太陽誘電株式会社,78JE10028-0000,69135002,電極　塗工,200%定率法,8,12857134,1,1,0,,7/31/2021,12589277,ECD,CLW,,900000030,白河工場　１Ｆ,1,1,1,1,CLW,ECD,パワーデバイス事業部,関口,900000030,白河工場　１Ｆ,正常,不可,
JETY,JPY,機械装置,5JE202010ZZ0001-000,,LIT自動電圧測定機,10/29/2020,株式会社光輪精工,80JE10031S0000,69310001,品質管理課,200%定率法,8,318268,1,1,0,,3/31/2021,278484,ECD,CLW,江原,900000030,白河工場　１Ｆ,1,1,1,1,CLW,ECD,パワーデバイス事業部,江原,900000030,白河工場　１Ｆ,正常,不可,
JETY,JPY,機械装置,5JE202108JT0002-000,,EDLC塗工機用グラビアロール #2,8/31/2021,太陽誘電株式会社,80JE10014S0100,69135002,電極　塗工,200%定率法,8,395300,1,1,0,,3/31/2022,395299,ECD,CLW,,900000030,白河工場　１Ｆ,1,1,1,1,CLW,ECD,パワーデバイス事業部,関口,900000030,白河工場　１Ｆ,正常,不可,
JETY,JPY,機械装置,5JE202108ZZ0001-000,,EDLC機用三菱ダイヘッド #2,8/31/2021,旭日産業株式会社,80JE10019S0000,69135002,電極　塗工,200%定率法,8,4950000,1,1,0,,3/31/2022,4949999,ECD,CLW,,900000030,白河工場　１Ｆ,1,1,1,1,CLW,ECD,パワーデバイス事業部,関口,900000030,白河工場　１Ｆ,正常,不可,
JETY,JPY,機械装置,5JE202203ZZ0001-000,,集塵機,3/31/2022,アマノ株式会社高崎支店,81JE30042S0300,69135001,電極　スラリ,200%定率法,8,440000,1,1,0,,3/31/2022,439999,ECD,CLW,,900000030,白河工場　１Ｆ,1,1,1,1,CLW,ECD,パワーデバイス事業部,関口,900000030,白河工場　１Ｆ,正常,不可,
JETY,JPY,機械装置,5TF201507ZZ0002-000,,真空乾燥機36号機,12/3/2018,福島太陽誘電㈱,77JE150001-UP00,69152101,CLW　組立,200%定率法,8,1229948,1,1,0,,3/31/2021,634192,ECD,CLW,米島,900000030,白河工場　１Ｆ,1,1,1,1,CLW,ECD,パワーデバイス事業部,米島,900000030,白河工場　１Ｆ,正常,不可,
JETY,JPY,機械装置,5TF201507ZZ0003-000,,真空乾燥機37号機,12/3/2018,福島太陽誘電㈱,77JE150001-UP00,69152101,CLW　組立,200%定率法,8,1229948,1,1,0,,3/31/2021,634192,ECD,CLW,米島,900000030,白河工場　１Ｆ,1,1,1,1,CLW,ECD,パワーデバイス事業部,米島,900000030,白河工場　１Ｆ,正常,不可,
JETY,JPY,機械装置,5TF201507ZZ0004-000,,真空乾燥機38号機,3/29/2019,福島太陽誘電㈱,77JE15001-UP00,69152101,CLW　組立,200%定率法,8,1229948,1,1,0,,3/31/2021,677432,ECD,CLW,米島,900000030,白河工場　１Ｆ,1,1,1,1,CLW,ECD,パワーデバイス事業部,米島,900000030,白河工場　１Ｆ,正常,不可,
JETY,JPY,機械装置,5TF201507ZZ0005-000,,真空乾燥機39号機,3/29/2019,福島太陽誘電㈱,77JE15001-UP00,69152101,CLW　組立,200%定率法,8,1408000,1,1,0,,3/31/2021,775500,ECD,CLW,米島,900000030,白河工場　１Ｆ,1,1,1,1,CLW,ECD,パワーデバイス事業部,米島,900000030,白河工場　１Ｆ,正常,不可,
JETY,JPY,工具器具備品,6JE199910ZZ0006-001,5-99-006,実体顕微鏡,10/1/1999,本社支払ダミー,,69151105,CLW　捲回,旧定率法,8,1417130,1,1,0,,,0,ECD,CLW,,900000030,白河工場　１Ｆ,1,1,1,1,CLW,ECD,パワーデバイス事業部,米島,900000030,白河工場　１Ｆ,正常,不可,
JETY,JPY,工具器具備品,6JE199910ZZ0008-001,5-99-008,電子天秤,10/1/1999,本社支払ダミー,,69151105,CLW　捲回,旧定率法,5,263000,1,1,0,,,0,ECD,CLW,,900000030,白河工場　１Ｆ,1,1,1,1,CLW,ECD,パワーデバイス事業部,米島,900000030,白河工場　１Ｆ,正常,不可,
JETY,JPY,工具器具備品,6JE200003ZZ0001-001,5-00-001,電子天秤,3/1/2000,本社支払ダミー,,69152101,CLW　組立,旧定率法,15,231700,1,1,0,,,0,ECD,CLW,米島,900000030,白河工場　１Ｆ,1,1,1,1,CLW,ECD,パワーデバイス事業部,米島,900000030,白河工場　１Ｆ,正常,不可,
JETY,JPY,工具器具備品,6JE200011ZZ0009-001,5-00-009,電子天秤,11/1/2000,本社支払ダミー,,69152101,CLW　組立,旧定率法,5,340000,1,1,0,,,0,ECD,CLW,,900000030,白河工場　１Ｆ,1,4,1,4,CLW,ECD,パワーデバイス事業部,米島,900000030,白河工場　１Ｆ,正常,不可,
JETY,JPY,工具器具備品,6JE200412ZZ0047-001,5-04-047,実体顕微鏡(ﾆｺﾝSMZ800),12/1/2004,本社支払ダミー,,69158101,製造部　設備技術,旧定率法,8,135206,1,1,0,,,0,ECD,CLW,中島,900000030,白河工場　１Ｆ,1,1,1,1,CLW,ECD,パワーデバイス事業部,中島,900000030,白河工場　１Ｆ,正常,不可,
JETY,JPY,工具器具備品,6JE200704ZZ0005-001,5-07-005,ﾊﾝﾃﾞｨ露点計,4/3/2007,本社支払ダミー,26-026-01,69310001,品質管理課,250%定率法,5,648000,1,1,0,,,0,ECD,CLW,,900000030,白河工場　１Ｆ,1,1,1,1,CLW,ECD,パワーデバイス事業部,米島,900000030,白河工場　１Ｆ,正常,不可,
JETY,JPY,工具器具備品,6JE200711JT0027-001,5-07-027,ﾊﾞｰｺｰﾄﾞﾌﾟﾘﾝﾀ,11/30/2007,太陽誘電㈱,27-063,69200001,業務課,250%定率法,5,388000,1,1,0,,,0,ECD,CLW,中島,900000030,白河工場　１Ｆ,1,1,1,1,CLW,ECD,パワーデバイス事業部,中島,900000030,白河工場　１Ｆ,正常,不可,
JETY,JPY,工具器具備品,6JE200711JT0028-001,5-07-028,ﾊﾞｰｺｰﾄﾞﾌﾟﾘﾝﾀ,11/30/2007,太陽誘電㈱,27-063,69200001,業務課,250%定率法,5,388000,1,1,0,6/6/2022,,0,ECD,CLW,中島,900000030,白河工場　１Ｆ,1,10,1,10,CLW,ECD,パワーデバイス事業部,中島,900000030,白河工場　１Ｆ,正常,不可,
JETY,JPY,工具器具備品,6JE200712ZZ0029-001,5-07-029,冷蔵ｼｮｰｹｰｽ,12/14/2007,本社支払ダミー,27-077,69135001,電極　スラリ,250%定率法,6,245000,1,1,0,,,0,ECD,CLW,,900000030,白河工場　１Ｆ,1,1,1,1,CLW,ECD,パワーデバイス事業部,関口,900000030,白河工場　１Ｆ,正常,不可,
JETY,JPY,工具器具備品,6JE200807ZZ0006-001,5-08-006,ﾊﾞｰｺｰﾄﾞﾌﾟﾘﾝﾀ,7/10/2008,㈱データビジネスサプライ,28-032,69200001,業務課,250%定率法,5,388000,1,1,0,6/6/2022,,0,ECD,CLW,中島,900000030,白河工場　１Ｆ,1,10,1,10,CLW,ECD,パワーデバイス事業部,中島,900000030,白河工場　１Ｆ,正常,不可,
JETY,JPY,工具器具備品,6JE201103ZZ0020-001,5-10-020,ｼﾘﾝﾀﾞ 封口ｺﾞﾑ金型 φ10,3/1/2011,本社支払ダミー,30-029,69200001,業務課,250%定率法,2,310000,1,1,0,,,0,ECD,CLW,中島,900009001,聯華金社,1,4,1,4,CLW,ECD,パワーデバイス事業部,中島,900009001,聯華金社,正常,不可,
JETY,JPY,工具器具備品,6JE201105ZZ0002-001,5-11-002,ﾍﾟｰﾊﾟｰﾚｽﾚｺｰﾀﾞ　TR-V1050,5/11/2011,㈱キーエンス,31-013,69158101,製造部　設備技術,250%定率法,5,540000,1,1,0,,,0,ECD,CLW,中島,900000030,白河工場　１Ｆ,1,1,1,1,CLW,ECD,パワーデバイス事業部,中島,900000030,白河工場　１Ｆ,正常,不可,
JETY,JPY,工具器具備品,6JE201105ZZ0003-001,5-11-003,高速度ｶﾒﾗ　PLEXLOGGER PL1-C20JX,5/17/2011,シナノケンシ㈱,31-017,69158101,製造部　設備技術,250%定率法,5,2300000,1,1,0,,,0,ECD,CLW,小井土,900000030,白河工場　１Ｆ,1,1,1,1,CLW,ECD,パワーデバイス事業部,小井土,900000030,白河工場　１Ｆ,正常,不可,
JETY,JPY,工具器具備品,6JE201111ZZ0020-001,5-11-020,ｼﾘﾝﾀﾞ封口ｺﾞﾑ金型φ8,11/1/2011,本社支払ダミー,31-002,69200001,業務課,250%定率法,2,295000,1,1,0,,,0,ECD,CLW,中島,900009001,聯華金社,1,4,1,4,CLW,ECD,パワーデバイス事業部,中島,900009001,聯華金社,正常,不可,
JETY,JPY,工具器具備品,6JE201111ZZ0022-001,5-11-022,粘度計　TVB-10R,11/21/2011,本社支払ダミー,31-124,69135001,電極　スラリ,250%定率法,5,484600,1,1,0,,,0,ECD,CLW,,900000030,白河工場　１Ｆ,1,1,1,1,CLW,ECD,パワーデバイス事業部,関口,900000030,白河工場　１Ｆ,正常,不可,
JETY,JPY,工具器具備品,6JE201201ZZ0026-001,5-11-026,充放電試験装置 HJ-1005SD8,1/20/2012,本社支払ダミー,31-088,69310001,品質管理課,250%定率法,5,1816400,1,1,0,,,0,ECD,CLW,,900000030,白河工場　１Ｆ,1,1,1,1,CLW,ECD,パワーデバイス事業部,長嶋,900000030,白河工場　１Ｆ,正常,不可,
JETY,JPY,工具器具備品,6JE201201ZZ0027-001,5-11-027,充放電試験装置 HJ-1005SD8,1/20/2012,本社支払ダミー,31-088,69310001,品質管理課,250%定率法,5,1816400,1,1,0,,,0,ECD,CLW,,900000030,白河工場　１Ｆ,1,1,1,1,CLW,ECD,パワーデバイス事業部,長嶋,900000030,白河工場　１Ｆ,正常,不可,
JETY,JPY,工具器具備品,6JE201201ZZ0028-001,5-11-028,充放電試験装置 HJ-1005SD8,1/20/2012,本社支払ダミー,31-088,69310001,品質管理課,250%定率法,5,1816400,1,1,0,,,0,ECD,CLW,,900000030,白河工場　１Ｆ,1,1,1,1,CLW,ECD,パワーデバイス事業部,長嶋,900000030,白河工場　１Ｆ,正常,不可,
JETY,JPY,工具器具備品,6JE201201ZZ0029-001,5-11-029,充放電試験装置 HJ-1005SD8,1/20/2012,本社支払ダミー,31-088,69310001,品質管理課,250%定率法,5,1816400,1,1,0,,,0,ECD,CLW,,900000030,白河工場　１Ｆ,1,1,1,1,CLW,ECD,パワーデバイス事業部,長嶋,900000030,白河工場　１Ｆ,正常,不可,
JETY,JPY,工具器具備品,6JE201201ZZ0030-001,5-11-030,充放電試験装置 HJ-1005SD8,1/20/2012,本社支払ダミー,31-088,69310001,品質管理課,250%定率法,5,1816100,1,1,0,,,0,ECD,CLW,,900000030,白河工場　１Ｆ,1,1,1,1,CLW,ECD,パワーデバイス事業部,長嶋,900000030,白河工場　１Ｆ,正常,不可,
JETY,JPY,工具器具備品,6JE201201ZZ0031-001,5-11-031,充放電装置用ﾗｯｸ,1/20/2012,本社支払ダミー,31-088,69310001,品質管理課,250%定率法,15,218300,1,24240,673,,,0,ECD,CLW,,900000030,白河工場　１Ｆ,1,1,1,1,CLW,ECD,パワーデバイス事業部,長嶋,900000030,白河工場　１Ｆ,正常,不可,
JETY,JPY,工具器具備品,6JE201208ZZ0009-001,5-12-009,ｼﾘﾝﾀﾞ封口ｺﾞﾑ金型 φ12mm,9/1/2012,本社支払ダミー,31-002,69200001,業務課,200%定率法,2,300000,1,1,0,,,0,ECD,CLW,中島,900009001,聯華金社,1,4,1,4,CLW,ECD,パワーデバイス事業部,中島,900009001,聯華金社,正常,不可,
JETY,JPY,工具器具備品,6JE201404ZZ0003-001,5-14-003,X線透過検査装置,6/2/2014,本社支払ダミー,34-006,69310001,品質管理課,200%定率法,5,8400000,1,1,0,,,0,ECD,CLW,,900000030,白河工場　１Ｆ,1,1,1,1,CLW,ECD,パワーデバイス事業部,長嶋,900000030,白河工場　１Ｆ,正常,不可,
JETY,JPY,工具器具備品,6JE201507ZZ0001-001,5-15-001,洗浄ﾄﾚｲ金型TYPE1　全体金型,7/13/2015,本社支払ダミー,35-006-1,69153101,CLW　スリーブ掛け,200%定率法,2,5260000,1,1,0,,,0,ECD,CLW,,900009002,韓国,1,4,1,4,CLW,ECD,パワーデバイス事業部,中島,900009002,韓国,正常,不可,
JETY,JPY,工具器具備品,6JE201507ZZ0002-001,5-15-002,洗浄ﾄﾚｲ金型TYPE2　入れｺｱ上下,7/13/2015,本社支払ダミー,35-006-2,69153101,CLW　スリーブ掛け,200%定率法,2,2970000,1,1,0,,,0,ECD,CLW,,900009002,韓国,1,4,1,4,CLW,ECD,パワーデバイス事業部,中島,900009002,韓国,正常,不可,
JETY,JPY,工具器具備品,6JE201507ZZ0003-001,5-15-003,洗浄ﾄﾚｲ金型TYPE3　入れｺｱ上下,7/13/2015,本社支払ダミー,35-006-3,69153101,CLW　スリーブ掛け,200%定率法,2,2970000,1,1,0,,,0,ECD,CLW,,900009002,韓国,1,4,1,4,CLW,ECD,パワーデバイス事業部,中島,900009002,韓国,正常,不可,
JETY,JPY,工具器具備品,6JE201507ZZ0004-001,5-15-004,充放電試験装置HJ1010SD8,7/1/2015,本社支払ダミー,35-028-1,69310001,品質管理課,200%定率法,5,1334000,1,1,0,,,0,ECD,CLW,,900000030,白河工場　１Ｆ,1,1,1,1,CLW,ECD,パワーデバイス事業部,長嶋,900000030,白河工場　１Ｆ,正常,不可,
JETY,JPY,工具器具備品,6JE201507ZZ0005-001,5-15-005,充放電試験装置HJ1010SD8,7/1/2015,本社支払ダミー,35-028-2,69310001,品質管理課,200%定率法,5,1333000,1,1,0,,,0,ECD,CLW,,900000030,白河工場　１Ｆ,1,1,1,1,CLW,ECD,パワーデバイス事業部,長嶋,900000030,白河工場　１Ｆ,正常,不可,
JETY,JPY,工具器具備品,6JE201507ZZ0006-001,5-15-006,充放電試験装置HJ1010SD8,7/1/2015,本社支払ダミー,35-028-3,69310001,品質管理課,200%定率法,5,1333000,1,1,0,,,0,ECD,CLW,,900000030,白河工場　１Ｆ,1,1,1,1,CLW,ECD,パワーデバイス事業部,長嶋,900000030,白河工場　１Ｆ,正常,不可,
JETY,JPY,工具器具備品,6JE201507ZZ0007-001,5-15-007,電話･放送設備,7/6/2015,東洋電信電話工業㈱,35-020 35-043,69450000,G)白河工場,200%定率法,10,2045000,1,284797,11867,,,0,ECD,CLW,,900000030,白河工場　１Ｆ,1,1,1,1,CLW,ECD,パワーデバイス事業部,川添,900000030,白河工場　１Ｆ,正常,不可,
JETY,JPY,工具器具備品,6JE201507ZZ0008-001,5-15-008,LIC用検査ﾄﾚｲ全体金型,7/31/2015,本社支払ダミー,34-049,69152101,CLW　組立,200%定率法,2,8050000,1,1,0,,,0,ECD,CLW,,900009002,韓国,1,4,1,4,CLW,ECD,パワーデバイス事業部,中島,900009002,韓国,正常,不可,
JETY,JPY,工具器具備品,6JE201507ZZ0009-001,5-15-009,LIC用検査ﾄﾚｲ金型　入れｺｱ,7/31/2015,本社支払ダミー,34-050-1,69152101,CLW　組立,200%定率法,2,1250000,1,1,0,,,0,ECD,CLW,,900009002,韓国,1,4,1,4,CLW,ECD,パワーデバイス事業部,中島,900009002,韓国,正常,不可,
JETY,JPY,工具器具備品,6JE201507ZZ0010-001,5-15-010,LIC用検査ﾄﾚｲ金型　入れｺｱ,7/31/2015,本社支払ダミー,34-050-2,69152101,CLW　組立,200%定率法,2,1250000,1,1,0,,,0,ECD,CLW,,900009002,韓国,1,4,1,4,CLW,ECD,パワーデバイス事業部,中島,900009002,韓国,正常,不可,
JETY,JPY,工具器具備品,6JE201507ZZ0011-001,5-15-011,LIC用検査ﾄﾚｲ金型　入れｺｱ,7/31/2015,本社支払ダミー,34-050-3,69152101,CLW　組立,200%定率法,2,1250000,1,1,0,,,0,ECD,CLW,,900009002,韓国,1,4,1,4,CLW,ECD,パワーデバイス事業部,中島,900009002,韓国,正常,不可,
JETY,JPY,工具器具備品,6JE201607ZZ0001-001,,画像寸法測定器IMｼﾘｰｽﾞ,7/12/2016,㈱キーエンス　（経産委）,36-029,69310001,品質管理課,200%定率法,5,4065000,1,1,0,,,0,ECD,CLW,,900000030,白河工場　１Ｆ,1,1,1,1,CLW,ECD,パワーデバイス事業部,長嶋,900000030,白河工場　１Ｆ,正常,不可,
JETY,JPY,工具器具備品,6JE201609ZZ0002-001,,LIC1235R用ﾄﾚｲ金型,9/1/2016,ヒロパックス㈱,34-034,69200001,業務課,200%定率法,2,223400,1,1,0,7/7/2020,,0,ECD,CLW,中島,900002004,ﾋﾛﾊﾟｯｸｽ㈱,1,4,1,4,CLW,ECD,パワーデバイス事業部,中島,900002004,ﾋﾛﾊﾟｯｸｽ㈱,正常,不可,
JETY,JPY,工具器具備品,6JE201609ZZ0003-001,,LIC1840R用ﾄﾚｲ金型,9/1/2016,ヒロパックス㈱,34-034,69200001,業務課,200%定率法,2,213100,1,1,0,7/7/2020,,0,ECD,CLW,中島,900002004,ﾋﾛﾊﾟｯｸｽ㈱,1,4,1,4,CLW,ECD,パワーデバイス事業部,中島,900002004,ﾋﾛﾊﾟｯｸｽ㈱,正常,不可,
JETY,JPY,工具器具備品,6JE201703ZZ0005-001,5-16-005-001,マルチ水質計,3/24/2017,,,69152101,CLW　組立,200%定率法,5,370628,1,1,0,,,0,ECD,CLW,,900000030,白河工場　１Ｆ,1,1,1,1,CLW,ECD,パワーデバイス事業部,長嶋,900000030,白河工場　１Ｆ,正常,不可,
JETY,JPY,工具器具備品,6JE201704ZZ0001-001,,１２．５φ用自動組立機用　VAISALA露点計,4/28/2017,岩瀬産業,76JE18014SUP00,69152101,CLW　組立,200%定率法,5,326910,1,1,0,,,0,ECD,CLW,米島,900000030,白河工場　１Ｆ,1,1,1,1,CLW,ECD,パワーデバイス事業部,米島,900000030,白河工場　１Ｆ,正常,不可,
JETY,JPY,工具器具備品,6JE201704ZZ0002-001,,φ１２シリンダ型ハーネス用トレイ金型,4/28/2017,ニッポー㈱,76JE18003SUP00,69200001,業務課,200%定率法,2,543000,1,1,0,,,0,ECD,CLW,中島,900002001,ﾆｯﾎﾟｰ㈱,1,1,1,1,CLW,ECD,パワーデバイス事業部,中島,900002001,ﾆｯﾎﾟｰ㈱,正常,不可,
JETY,JPY,工具器具備品,6JE201706ZZ0001-001,,φ18シリンダ型Ｌ曲げ用トレイ量産金型,6/20/2017,ニッポー㈱,77JE10024S0000,69200001,業務課,200%定率法,2,390000,1,1,0,,,0,ECD,CLW,中島,900002001,ﾆｯﾎﾟｰ㈱,1,1,1,1,CLW,ECD,パワーデバイス事業部,中島,900002001,ﾆｯﾎﾟｰ㈱,正常,不可,
JETY,JPY,工具器具備品,6JE201707ZZ0001-001,,φ10用キャパシタ用トレイ量産金型,7/20/2017,ニッポー㈱,77JE10024S0100,69200001,業務課,200%定率法,2,365000,1,1,0,,,0,ECD,CLW,中島,900002001,ﾆｯﾎﾟｰ㈱,1,1,1,1,CLW,ECD,パワーデバイス事業部,中島,900002001,ﾆｯﾎﾟｰ㈱,正常,不可,
JETY,JPY,工具器具備品,6JE201805ZZ0001-001,,φ10洗浄ﾄﾚｲ金型,5/2/2018,株式会社ソフトエナジーコントロールズ,77JE38004SUP00,69153101,CLW　スリーブ掛け,200%定率法,2,2915000,1,1,0,,,0,ECD,CLW,米島,900009002,韓国,1,4,1,4,CLW,ECD,パワーデバイス事業部,米島,900009002,韓国,正常,不可,
JETY,JPY,工具器具備品,6JE201806ZZ0001-001,,φ10検査ﾄﾚｲ金型,6/14/2018,株式会社ソフトエナジーコントロールズ,78JE10012S0000,69153102,CLW　スクリーニング,200%定率法,2,1490000,1,1,0,,,0,ECD,CLW,米島,900009002,韓国,1,4,1,4,CLW,ECD,パワーデバイス事業部,米島,900009002,韓国,正常,不可,
JETY,JPY,工具器具備品,6JE201807ZZ0001-001,,自動検査装置用98個入検査ﾄﾚｲ（φ10用)金型,7/30/2018,株式会社ソフトエナジーコントロールズ,78JE10014S0000,69153102,CLW　スクリーニング,200%定率法,2,1300000,1,1,0,,,0,ECD,CLW,米島,900009002,韓国,1,4,1,4,CLW,ECD,パワーデバイス事業部,米島,900009002,韓国,正常,不可,
JETY,JPY,工具器具備品,6JE201808ZZ0001-000,,WEB商社向け　個別梱包用ﾄﾚｲ金型,8/21/2018,ニッポー㈱,78JE18000SUP00,69200001,業務課,200%定率法,2,1150000,1,1,0,,,0,ECD,CLW,中島,900002001,ﾆｯﾎﾟｰ㈱,1,1,1,1,CLW,ECD,パワーデバイス事業部,中島,900002001,ﾆｯﾎﾟｰ㈱,正常,不可,
JETY,JPY,工具器具備品,6JE201812ZZ0001-000,,98個　検査用トレイ金型,12/3/2018,株式会社ソフトエナジーコントロールズ,77JE150001-UP00,69143102,CLW スクリーニング,200%定率法,2,5700000,1,1,0,,,0,ECD,CLW,米島,900009002,韓国,1,4,1,4,CLW,ECD,パワーデバイス事業部,米島,900009002,韓国,正常,不可,
JETY,JPY,工具器具備品,6JE201812ZZ0002-000,,98個　検査用トレイ金型　Φ10用入れ子部品,12/3/2018,株式会社ソフトエナジーコントロールズ,77JE150001-UP00,69143102,CLW スクリーニング,200%定率法,2,1300000,1,1,0,,,0,ECD,CLW,米島,900009002,韓国,1,4,1,4,CLW,ECD,パワーデバイス事業部,米島,900009002,韓国,正常,不可,
JETY,JPY,工具器具備品,6JE201812ZZ0003-000,,98個　検査用トレイ金型　Φ12用入れ子部品,12/3/2018,株式会社ソフトエナジーコントロールズ,77JE150001-UP00,69143102,CLW スクリーニング,200%定率法,2,1300000,1,1,0,,,0,ECD,CLW,米島,900009002,韓国,1,4,1,4,CLW,ECD,パワーデバイス事業部,米島,900009002,韓国,正常,不可,
JETY,JPY,工具器具備品,6JE201812ZZ0004-000,,98個　検査用トレイ金型　Φ18用入れ子部品,12/3/2018,株式会社ソフトエナジーコントロールズ,77JE150001-UP00,69143102,CLW スクリーニング,200%定率法,2,1300000,1,1,0,,,0,ECD,CLW,米島,900009002,韓国,1,4,1,4,CLW,ECD,パワーデバイス事業部,米島,900009002,韓国,正常,不可,
JETY,JPY,工具器具備品,6JE201905ZZ0001-000,,φ10×30Lトレイ金型（50個入り）,5/24/2019,ニッポー㈱,79JE10005S0000,69200001,業務課,200%定率法,2,363000,1,1,0,,,0,ECD,CLW,中島,900002001,ﾆｯﾎﾟｰ㈱,1,1,1,1,CLW,ECD,パワーデバイス事業部,中島,900002001,ﾆｯﾎﾟｰ㈱,正常,不可,
JETY,JPY,工具器具備品,6JE201911ZZ0001-000,,LIC40F用トレイ金型(40個入り),11/22/2019,ニッポー㈱,79JE10025S0000,69200001,業務課,200%定率法,2,361000,1,1,0,,,0,ECD,CLW,中島,900002001,ﾆｯﾎﾟｰ㈱,1,1,1,1,CLW,ECD,パワーデバイス事業部,中島,900002001,ﾆｯﾎﾟｰ㈱,正常,不可,
JETY,JPY,工具器具備品,6JE202212ZZ0001-000,,白河工場内線電話交換機,12/31/2022,東洋電信電話工業株式会社,82JE30020S0400,69400001,G)人事総務課,200%定率法,10,630000,1,588000,9800,,,0,ECD,CLW,黒木,900000040,白河工場　２Ｆ,1,1,1,1,CLW,ECD,パワーデバイス事業部,黒木,900000040,白河工場　２Ｆ,正常,不可,
JETY,JPY,工具器具備品,7JE200312ZZ0040-001,5-03-040,精密騒音計,12/1/2003,本社支払ダミー,,69400001,G)人事総務課,旧定率法,5,400000,1,1,0,,,0,ECD,CLW,,900000040,白河工場　２Ｆ,1,1,1,1,CLW,ECD,パワーデバイス事業部,黒木,900000040,白河工場　２Ｆ,正常,不可,
JETY,JPY,工具器具備品,7JE200405ZZ0018-001,5-04-018,ｼｭﾚｯﾀﾞｰ,5/1/2004,本社支払ダミー,,69400001,G)人事総務課,旧定率法,5,351000,1,1,0,,,0,ECD,CLW,,900000040,白河工場　２Ｆ,1,1,1,1,CLW,ECD,パワーデバイス事業部,黒木,900000040,白河工場　２Ｆ,正常,不可,
JETY,JPY,工具器具備品,7JE200412ZZ0039-001,5-04-039,ﾃﾞｼﾞﾀﾙｵｼﾛｽｺｰﾌﾟDS-8812,12/1/2004,本社支払ダミー,,69310001,品質管理課,旧定率法,5,119700,1,1,0,,,0,ECD,CLW,中島,900000030,白河工場　１Ｆ,1,1,1,1,CLW,ECD,パワーデバイス事業部,中島,900000030,白河工場　１Ｆ,正常,不可,
JETY,JPY,工具器具備品,7JE200502ZZ0011-001,5-05-011,会議室用ﾃｰﾌﾞﾙ,2/1/2005,本社支払ダミー,,69400001,G)人事総務課,旧定率法,15,280000,14000,17389,206,,,0,ECD,CLW,,900000040,白河工場　２Ｆ,1,1,1,1,CLW,ECD,パワーデバイス事業部,黒木,900000040,白河工場　２Ｆ,正常,不可,
JETY,JPY,工具器具備品,7JE200502ZZ0012-001,5-05-012,会議室用ｲｽｾｯﾄ,2/1/2005,本社支払ダミー,,69400001,G)人事総務課,旧定率法,15,388000,19400,24094,285,,,0,ECD,CLW,,900000040,白河工場　２Ｆ,1,1,1,1,CLW,ECD,パワーデバイス事業部,黒木,900000040,白河工場　２Ｆ,正常,不可,
JETY,JPY,工具器具備品,7JE201701ZZ0001-001,5-16-004-001,自動組立機40F･100F用注液ﾎﾟﾝﾌﾟ,1/30/2017,岩瀬産業㈱,76JE18001SUP00,69152101,CLW　組立,200%定率法,10,255000,1,59536,1654,,,0,ECD,CPW,米島,900000030,白河工場　１Ｆ,1,4,1,4,CLW,ECD,パワーデバイス事業部,米島,900000030,白河工場　１Ｆ,正常,不可,
JETY,JPY,工具器具備品,7JE201705ZZ0001-001,,品質管理ＤＢ用ラックサーバ一式,5/22/2017,日本電気㈱　群馬支店,76JE10016S0100,69400001,G)人事総務課,200%定率法,6,3878240,1,265449,22254,,,0,ECD,CLW,黒木　延之,900000040,白河工場　２Ｆ,1,1,1,1,CLW,ECD,パワーデバイス事業部,黒木　延之,900000040,白河工場　２Ｆ,正常,不可,
JETY,JPY,工具器具備品,7JE201709ZZ0001-001,,製品出荷用ﾊﾞｰｺｰﾄﾞﾌﾟﾘﾝﾀ,9/1/2017,㈱データビジネスサプライ,77JE30014S0000,69200001,業務課,200%定率法,5,545000,1,1,0,,,0,ECD,CLW,中島,900000030,白河工場　１Ｆ,1,1,1,1,CLW,ECD,パワーデバイス事業部,中島,900000030,白河工場　１Ｆ,正常,不可,
JETY,JPY,工具器具備品,7JE201710ZZ0001-001,,ﾚｰｻﾞｰﾊﾟﾜｰﾒｰﾀｰ,10/11/2017,コムベックス㈱,77JE10007S0000,69151105,CLW　捲回,200%定率法,5,390000,1,1,0,,,0,ECD,CLW,米島,900000030,白河工場　１Ｆ,1,1,1,1,CLW,ECD,パワーデバイス事業部,米島,900000030,白河工場　１Ｆ,正常,不可,
JETY,JPY,工具器具備品,7JE201712ZZ0001-001,,画像寸法測定器,12/13/2017,㈱キーエンス,77JE10013S0000,69159101,CLW　共通,200%定率法,5,4500000,1,1,0,,,0,ECD,CLW,米島,900000030,白河工場　１Ｆ,1,1,1,1,CLW,ECD,パワーデバイス事業部,米島,900000030,白河工場　１Ｆ,正常,不可,
JETY,JPY,工具器具備品,7JE201909ZZ0001-000,,勤怠管理用システムタイムレコーダー,9/30/2019,アマノ株式会社高崎支店,79JE10000S0400,69400001,G)人事総務課,200%定率法,5,300000,1,49680,2070,,,0,ECD,CLW,黒木,900000030,白河工場　１Ｆ,1,1,1,1,CLW,ECD,パワーデバイス事業部,黒木,900000030,白河工場　１Ｆ,正常,不可,
JETY,JPY,工具器具備品,7JE201911ZZ0001-000,,製造ラベル用プリンター,11/11/2019,株式会社データビジネスサプライ,79JE10029S0000,69153105,CLW　包装,200%定率法,5,545000,1,98101,4087,,,0,ECD,CLW,米島,900000030,白河工場　１Ｆ,1,1,1,1,CLW,ECD,パワーデバイス事業部,米島,900000030,白河工場　１Ｆ,正常,不可,
JETY,JPY,工具器具備品,7JE202002ZZ0001-000,,パーティクルカウンター,2/28/2020,ミドリ安全群馬株式会社,79JE10006S0000,69135003,白河　電極　共通,200%定率法,5,395000,1,79633,3318,,,0,ECD,CLW,池田,900000030,白河工場　１Ｆ,1,1,1,1,CLW,ECD,パワーデバイス事業部,池田,900000030,白河工場　１Ｆ,正常,不可,
JETY,JPY,工具器具備品,7JE202006ZZ0001-000,,デジタルマイクロスコープVHX-5000,6/25/2020,本社支払ダミー,80JE10032S0000,69310001,品質管理課,200%定率法,5,540000,1,129600,5400,,,0,ECD,CLW,倉田,900000030,白河工場　１Ｆ,1,1,1,1,CLW,ECD,パワーデバイス事業部,倉田,900000030,白河工場　１Ｆ,正常,不可,
